طارق حواليك شي ,ham
هههه تمام منيح قلتلي ,ham
😂😂😂😂😂,ham
متل ما قلتلي,ham
شئ شغبا,ham
الاحد عطلة,ham
طالع لعند حلواني شي ,ham
عزمني مبازح ,ham
والله يا صديقي لهلق مو مبين معي ,ham
لانو عندي سفرة من الصبح باتجاه حمص ,ham
منيوك ,ham
وينك,ham
جيتك,ham
منيحة ولو,ham
هههههه ليش نخنا يعني منعرف شو فيها اعطال يا شيح ,ham
😂😂,ham
اليوم ساقتني اسماء ,ham
حكت معي نفس موضوعك,ham
ههههه,ham
ليش شو صاير بشرفك ,ham
حكت معك شي ,ham
والله اليوم على شوي بدي احكي ,ham
والله مو صاير شي ,ham
اليوم انت واسماء ,ham
نفس الحكي ,ham
ايري فيك ,ham
احكي معها هلق وقلها انو بكرى رح اجمعها معك ,ham
وصالحكن ونفض السيرة ,ham
شو ,ham
والله محتار ,ham
مالي داعي تحتار ,ham
خلص رح احكي معها هلق وبخبرك شو بتقلي ,ham
شو لح اقلها ,ham
تقلها,ham
خلص شو بدك انا رح كون موجود بكرى,ham
دقلي ضياء,ham
اي مو مشكلة ,ham
محتار بشرفي ,ham
😂😂,ham
شو تعزمنا اذا تصالحنا,ham
شاورما ,ham
وبكرى,ham
😂😂,ham
والله عندي شغل مع غروبي ,ham
بحاول بكرى ,ham
رو توكل ع الآه,ham
شو لح تبتعتلا,ham
خلص كول ايري ,ham
ليك ليك,ham
ما برضى كون الطرف المبادر انا,ham
اوعك ها ,ham
لا لا ,ham
رح احكيلها نفس الحكي هون ,ham
بنيكك والله,ham
متل ما فتحت السيرة هون ,ham
اي تمام,ham
اكيد اكيد ,ham
واثق فيك يا خرى,ham
لو مو انت والله ما بفتح الموضوع اذا بتكون بنت االه ,ham
انا والله كتير حابب ترجعو متل ما كنتو ,ham
قول يا رب ,ham
لا تقلي ,ham
ههههههه,ham
لتحمل الصورة منشوف الامور,ham
اه هي ام قلب كبير,ham
هلق ,ham
كول ايري هلق ,ham
ماشي مشي ,ham
بكرى منحكي ,ham
كو ايري ,ham
بكرى بتتصالحو وبس ,ham
بحيك ولا ,ham
😘😘,ham
اي عللووش,ham
قال في انتخابات ,ham
لل ١٢٣٠,ham
مافي محاضرات ,ham
مو نازل ,ham
ايري فيك,ham
نقلع من وجهي,ham
لحظة,ham
اي فاتحة ,ham
بس مافي محاضرات ,ham
اي,ham
نزيل لكن,ham
اي تمام,ham
اوووك,ham
لااااا,ham
لاااا جهزلي طيزك ع شاورما والمنيكة بلاها,ham
لااا حبيبي لا ,ham
بلاها للمنيكة,ham
خيو ما خدى قلك تعمل حالك كفو 😂😂,ham
انت قد هل الحكي 😂😂😂,ham
اي قدو ,ham
طيب بدي خليك تنيكني بنص الكلية,ham
اذا بدي احكي معها,ham
ماشي 😂😂,ham
بشرفي ما عم امزح ها 😂😂😂,ham
خلص خلص,ham
بتحكي كلمة تانية ,ham
عليا ماشي ,ham
بس الشاورما غ مين ،,ham
وايري مو عليك,ham
من راسو لايري ,ham
من راسو لايري ,ham
ماشي 😂😂😂,ham
تذكر هل حكي بكرى ها 😂😂😂😂😂,ham
روح على شغلك ولك ,ham
🖕🖕🖕,ham
🖕🖕🖕,ham
🖕🖕🖕,ham
هذا جيش من البواعيص ,ham
يا زلمة,ham
زنخ ززززنخ,ham
رو رو منشان الله,ham
والله ما عم امزح ,ham
ليش مفكر حالك انت شو ,ham
انت بعصة,ham
بس مختلفة شوي,ham
يا لطيف ,ham
يا لطيف يا ربي دخيلك,ham
تبعين الخامسة هيك بيصيرو ,ham
يا لطيف والله ,ham
اييي نعم ,ham
ايري فيك تعا خلص طيزي ,ham
وينننك ابري ,ham
خرى,ham
حزير ,ham
شو ,ham
شريييك,ham
هي لين تحت اللله بحارة ,ham
مخ يا زلمة مخ ,ham
لعشاق كرة القدم كل أخبار فريقك المفضل رح تصلك على موبايلك وكأنك بالملعب من خدمة كلاسيكو، اطلب 117 وفعّل الخدمة اللي بتهمّك بكلفة 25 لس أسبوعيا,spam
كل شي بيتعلق بالأمور العاطفية الاجتماعية العمل و الصحة رح تصلك يومياً مع عالمة الفلك غالية بكفلاوي اطلب 152 واختار برجك بكلفة 40 لس أسبوعياً,spam
هههه تمام منيح قلتلي ,ham
موبايلو هون الحمار😂😂,ham
كيفك عللوش,ham
شو بين شي معك ,ham
ياا ويلكم ,ham
والله شكلو ما خرج اجي,ham
لانو لهلق اسعتني على الطريق ,ham
لا اذا مو رايحين غالبا ما اطلع انا,ham
شو تخيل روح لحالي ايزي فيكن ,ham
وطارق كمان مو  رايح ,ham
غالباً يروح عبادة,ham
واكيد موجودين طبيعة وزعيم,ham
بعدين انت رايح مشان حلواني ,ham
لك يا اخي لحالي مو خرج ,ham
لك يا اخي لحالي مو خرج ,ham
وين انت وين صرت ,ham
ههههههههه اي لحالي ايري فيك,ham
انا من شي نص ساعة طلعت من حمص ,ham
اي تمام كتير منيح ,ham
معناها بتلحق 😂,ham
كول خرى بتروح معناخاً,ham
ما خرج ,ham
يلا ناطرك انا لا تتاخر ,ham
شو لح تتزوج انت ,ham
واذا ما عندك شي,ham
تخيل يعني وصل علبيت والبس واجي فوراً ,ham
ههههههههه واذا بتعطر الصالة 😂,ham
شيل اكل الخرى ,ham
بتجي ولا لااا,ham
لا لا ما خرج,ham
تخيل لا انت ولا طارق ولا انا نروح ,ham
يلا بشوف شو بيصير معي ,ham
تركها ع تيسير بشوف شو بصير معي وبخبرك,ham
مين رايح بس منعرفه منبح نحنا ,ham
يلي من الكلية ,ham
طبيعة,ham
زعيم,ham
ويمكن عبادة خيطو ,ham
يمكن مو اكيد,ham
طيب ماشي ,ham
بتعرف وين المكان ,ham
الساعة 8 بمجمع ايليت بلازا بصالة ماريا بالميدان ناح البوابة,ham
اوكيشن ,ham
منيوك ,ham
وينك,ham
ولا ,ham
ايري,ham
يلا بس يفتح الباب مسكر ,ham
دقيقين بس بعتلك رسالة طلاع لعند الكشك ,ham
انا ع باب السكن ,ham
تماما 😂😂😂😂😂,ham
لاقيلي ,ham
يلا,ham
واقفين سوووى 😂😂😂😂😂,ham
شو مطول ,ham
المحاضرة 3 ساعات,ham
مطول ,ham
شو ايمتا الاستراحة تبعك ,ham
تعال قدام الخامس ,ham
وبنك ,ham
جيتك,ham
وينك,ham
ووووينك ,ham
وووووووينك ,ham
ايري فيك وووينك,ham
عند سانا ,ham
ناطرك يلا ,ham
عند الكشك ,ham
وينك,ham
وينك يا شحبة,ham
بخشي مو طالع بريك ,ham
ليكني طالع لقدام الباب,ham
اي مشي الحال ,ham
مطول انت ,ham
بدنا نجتمع هلق مشان نحكي بخصوص المشروع ,ham
تعا لك بورن,ham
ايري فيك ,ham
فيك إيريز,ham
ايرررررري فيك ,ham
 طلاع خلص وحكيني ,ham
بدي نت ضروري قي شغل,ham
مستر ,ham
بالله اذا بتحسن اسألي ابراهيم ليش ايقاف الدوام ,ham
ايري فيك تعا خلص طيزي ,ham
وينننك ابري ,ham
خرى ,ham
بخواش ,ham
تكسرت شاشة الموبايل يا علوش ,ham
كمان ,ham
ما قبل الفكرة ,ham
يا زلمة طالعت اليوم بشغلة ٣٠ الف,ham
والله العظيم قبل ما اخدها انكسرت,ham
لك صار قصة طويلة,ham
ماشي توكل ع الله ,ham
مزعوج لعند السما يا زلمة ,ham
يلا بسيطة ولو,ham
الله يجعلها اكبر المصايب ,ham
لاااااا والله ما بتجيب شي خلص 😌😌,ham
وينك بخشي,ham
وينك ,ham
بالمحاضرة,ham
من شوي بلشت ,ham
اي مدرج,ham
بدي سماعات ضروري,ham
مين قي حدك,ham
فتاح واتس اب ,ham
فتاح واتس اب ,ham
علوش ,ham
فايق ,ham
علوش ,ham
فايق ,ham
علوش وينك,ham
معك مصاري شي زيادة,ham
اذا اي احكي مع طارق واعطيه الفين بكرى انا بعطيك ياها ماشي,ham
بالمحاضرة انا ,ham
بالمحاضرة انا ,ham
يا عرصا فتلت العصرونية وما لقيت من المغ تبعك ,ham
من وبن جايبه,ham
ايري فيك 😂😂,ham
معك مصاري شي زيادة,ham
اذا اي احكي مع طارق واعطيه الفين بكرى انا بعطيك ياها ماشي,ham
ايري فيك 😂😂,ham
بالسكن,ham
httpsscholargooglecomschhphlar,ham
😂😂😂😂,ham
عن ديبك,ham
😂😂😂,ham
علوش ,ham
حبيبي بكرى نازل شي ,ham
اذا ناز ل نزلي منك ٥ الاف للتنين بس ,ham
اي نازل انشالله ,ham
بس والله يلي معي ما بيطلعو 5 ,ham
جايين بكرى مصاري ,ham
خايف ما يتاخر ع اساس من الخميس يجوني,ham
غالبا ما احتاج بس نزلي معك شي ٢٥٠٠ احتياط,ham
اي 2500 معي ,ham
ماشي علوش ,ham
قول يارب ,ham
❤️,ham
معلم ,ham
ذكرني نيككك بكرى اي ,ham
سم الهاري انشالله,ham
عم تاكل شاورما يا بخش القلب ,ham
ايري ببلعك,ham
قضيتها اربع ايام ع زيت وزعتر يا عرصا انا 😂😂,ham
معلم ,ham
ذكرني نيككك بكرى اي ,ham
بيشكي معلم ,ham
انه حاج بدها زوق 😂😂,ham
مظبوط مظبوط ,ham
هاد طلع معك يا عرصا ,ham
امرك ,ham
ليك ما بقى قلك عليها ابدا ها,ham
ابدا ,ham
😞,ham
😞,ham
لااء امانة ضل قلي عليها ,ham
لاااا خلص زعلت ,ham
زعلت معلم ,ham
وحياة ستي بنيكك,ham
ولا ,ham
صحي ,ham
ههههه,ham
عم تستناك ,ham
اي ي فبك,ham
حبيبي يتجهز حالك بكرى,ham
عزيمة شو ,ham
 ماشي ,ham
أشي,ham
علوووش,ham
علوش ,ham
شو عندك هلق ,ham
بدي منك شغلة ضروري بالوظيفة ,ham
معلم بدي ياك تشتغله شغله ,ham
فاضي ولا عم تشتغل انت,ham
بالمحاضرة انا ,ham
اي علوش,ham
كان ابراهيم ابو ديب بدو ياك ,ham
دقلك من رقمه مقفل لهيك دقلي من عندي ,ham
ما بدي شي انا والله 😂,ham
لا اعلم ,ham
انا عنكن بالمساكن والله ,ham
ايري فيك روح 😂,ham
وين انت لسا بالجامعه,ham
علطريق ,ham
يلا ميسرة ,ham
لا اعلم ,ham
انا عنكن بالمساكن والله ,ham
لك هي باسورد انت بتحطها اول ما توصل لاب توبك ع موبايل,ham
جرب كلمة سر موبايلك ,ham
اذا مو صح في وحدة انت بتكون حاططها لا مو خصه بالإيميل هون,ham
بس انت شو حاطط كتبها ,ham
هلق تذكرت والله,ham
جربت كلمة سر الموبايل ما مشي الحال,ham
طيب ليك حذوف اي تونز ,ham
ورجاع ثبته ,ham
هي فكرة,ham
منها,ham
غالبا يرجع يقلك وقت تحط موبايل تحط كلمة السر ,ham
فكرة هون بيصير لكل موبايل اي فون بتوصله ع لاب توبك كلمة سر,ham
منشان مو اي اي فون تحطه يعمله تزامن لملفاته,ham
فهمته عليا مو ,ham
تمام فهمت عليك ,ham
انشالله ,ham
دفاغ للنادي,ham
لك اتذكرت و اخدت معي ,ham
اي ساعة رايح,ham
عل2 ونص ,ham
في ابن جيرانا صغير بدي اعطي درس عاا٢,ham
حخلص وجاي فورا,ham
نزول انت ٣ الا ربعوانا بنزل ٣ وربع,ham
وجيب ال٣٠٠٠,ham
اي ماشي ,ham
ايمت رايح عالنادي,ham
اسعتني بالجامعة 😂😂😂,ham
عل4 تقريباً,ham
اووك ناطرك,ham
حتكون بالنادي ٤ ولا ٣ ونص ,ham
ماشي عال٤ بكون عندك انا❤,ham
اي ساعة اليوم,ham
مو مبين معي ,ham
 رح اكل هلا انا جعت,ham
بدي ساعة بس بعد الاكل,ham
عالونص وخمسة,ham
صباحو,ham
جاهز انا ضل بوطي بس,ham
بعتلي مسج قبل ٥ د لالبسو واطلع,ham
ياا صباح النور,ham
يلا,ham
 اي علوش,ham
بدي شي ٤٠ د,ham
بحاكيك قبل ربع ساعة,ham
اذا مستعجل او عندك شي لا تنطرني,ham
اووووك,ham
اووك,ham
٥ د عالتمام وطلاع,ham
هلا بحكيلك ليه تأخرت اسف,ham
عال٥ ونص,ham
طيب رح اطلع هلق والعب بقسم التحماية,ham
لانو حميت وخلصت ,ham
اووك,ham
بروح,ham
بس اكلت هلا والله فكرتك مو رايح عاساس تردلي عال٢,ham
نسيت والله ,ham
تروح عل8 ,ham
بخلص كل دراستي وبروح ,ham
اذا مستعجل روح انت وبروح انا المسا,ham
واذا مانك مستعجل وقت بدك منروح بين ال٥ وال٩,ham
جاهز,ham
ماشي,ham
حانزل انا ٨ الا ربع لالعب معدة,ham
اذا بدك تلعبا نزول بهالوقت,ham
اوووك,ham
علوش انا ما بدي,ham
بس اذا جاي عبالك جيب الك لحالك بتاكلا عندي,ham
او جيب الك وجبة وجبلي سندويشة,ham
 علوش انا رحت مبارح لعبت صدر لان ما رح اقدر اليوم,ham
لعاب انت اليوم وبكرا منلعب سوا,ham
متذكر البرنامج ولا ابعتلك با ,ham
صدر 412,ham
مستوي  فتح مستوي,ham
مائل   فتح مائل,ham
صاندو,ham
بل اوفر,ham
أمامية 312,ham
بار مسند,ham
مرتكز,ham
مطرقة,ham
اخر تمرين هاد للي قلتلك عليه منلعبو بتبع الصاندو,ham
شوفن عرفتن كلن,ham
 اي ماشي,ham
معلش عال٧ ونص اليوم ,ham
جاي لعندي رفيقي عاساس,ham
اذا ما اجا ببعتلك ووقت بدك منروح,ham
عال٧ ونص عموعدنا مو ,ham
ايي نعم,ham
علوش ما رح اقدر اطلع عالنادي اليوم,ham
المسا بس اؤجع بحكيك اذا منحضر الخلقة,ham
علوش كيفك,ham
نمت لتجي الكهربا,ham
بعد جيةالكهربا بربع ساعة,ham
قاعد جوا بعتلي مسج بس توصل ناطرك,ham
حتروح اليوم,ham
والله صعب,ham
رايح بس كنت نايم,ham
اوووك,ham
حمللنا حلقة,ham
هلق بحطها علتحميل,ham
اي هيك بتذكر,ham
بأي محطة صرت,ham
جعت😤,ham
عم استغل الكهربا لادرس والله بهالوقت,ham
اذا عندك شي روح انت مو مشكلة,ham
والله اجباري لازم روح هلق,ham
اي اي ولا يهمك,ham
انا رايح عالنادي بال٧ اذا كان بدك تروح,ham
شو صار معك,ham
قااااالت ماما نص وقية بتكفي ,ham
اسال عند تبع اللبن ,ham
انا خلصت ,ham
حاولو ما تتأخرو ,ham
اوكي بشرى رح تجي لعندي,ham
منطلع فورا عال٢,ham
اسفة مابقدر اطلع قبل😌😌,ham
ليكنا جايين برنلك مشان تطلع اوووكي ,ham
رح تطلع المباراة وينك,ham
هااي,ham
وصلت عالجادات ,ham
كيف الوضع,ham
يا اهلين ,ham
اي وصلت ,ham
ييي ,ham
يلا الله بعينكن ,ham
ساوي دوش كل شوي 😂😂,ham
هاااي لولو ,ham
كيف الوضع عندك,ham
ايمت راجع لعناااا🤗🤗,ham
يا اهلين ,ham
هلق لشفت الرسالة ,ham
ما انتبهت ,ham
اووووكي يبقى بخبرك ,ham
نحنا طلعنا لولو,ham
اي اي طلعنا بمكرو ديماس,ham
طيب اذا نزلتو بمكان بعيد ,ham
يعني علدوار او هيك شي ,ham
بابا بدو ينام بالصالون😌😌😌,ham
لولو هاااااي,ham
بس تطلع من الامتحان حاكيني اووووكي,ham
عند الجمارك هااا ,ham
😂😂😂,ham
هااي حجة,ham
اي بالدوام ,ham
بدك شي,ham
لا لا خلص ,ham
كان بدي وحدات ,ham
هلق نازلين الشباب يجيبو غراض بيعبولي وحدات ,ham
طيب اوكي ,ham
اذا مامشي الحال يبقى بعتلي ,ham
اوووك ,ham
علوش لما بدك تجي تعال من باب الجمارك,ham
لان من الطرف التاني في حفريات ,ham
كيفك علوش ,ham
شو الاخبار ,ham
خلصت شي ولا مطول,ham
يا اهلين,ham
لا والله مطول وكتير كمان ,ham
هااي,ham
شو طمنا خلصت ولا لسى مطول,ham
لا والله اسا بدي وقت منيح,ham
طيب اوكي ,ham
الله يوفقك ,ham
كيفك طمني لما تقدم المشروع اووكي ,ham
هاااي كيفك ,ham
شو مشي الحال وصلحت اللابتوب,ham
يا اهلين ,ham
اي مشي الحال,ham
اييي ولا يهمك انا ماذكرتك 🤗🤗🤗,ham
وصلوك  الوحدات لولو  مووو ,ham
ليك اذا خلثت بكير روح مشان ترتاح ,ham
انا بدبرحالي اييي,ham
اي وصلو الوحدات ,ham
صرت بالبيت انا ,ham
اي اوكي ماااشي ,ham
شو قالولك مشان كتفك,ham
لازم يشيلو كلو ,ham
بدون يركبولي واحد صناعي ,ham
عم ندور على واحد اورجينال بس مستعمل ,ham
مااااا اغلظك اييي,ham
حجة ,ham
شيلي لابتوبي من على الشحن من غرفة بابا,ham
وحطي الغراض كلن ,ham
بعتلوووو لبابا كمان ,ham
ليعرف البيت كلوووو😂,ham
وبااااا,ham
شوووو لولو طمني ,ham
طلعت المادة,ham
اسا ما طلعت 😂,ham
اييييي انشالله ناجح يارب,ham
شو صار علوش,ham
راجع معنا ,ham
ولانروح ونبعتلك السيارة,ham
بس تطلعي من شغلك خبريني ,ham
طيب اوكي ,ham
لولو تعالو اخر الجسر القعدة حلوة كتير ,ham
ولاتنسو ركوة القهوة ,ham
لااا ,ham
ماذا تريد,ham
اوووكي ,ham
أين أنت يا لولو ,ham
تعال نحنا عالجسر ,ham
الجو جمييييييييييل,ham
طيب بس صير بجنبكن ناديلي ,ham
اييييي ماااشي,ham
لولو قاعدين تقريبا اخر الجسر,ham
تعال انت وحمادة وجيب معك قنينة مي ,ham
لولوووو مابدك تجي لعنااا,ham
تعال لعنا عالجسر  وجيب معك مصاري 😄😄,ham
بدنا بوظة 😂😂,ham
اييي مأنشحين ,ham
رح تجي يعني او لا,ham
والله صراحتاً ما الي حيل,ham
خلص موووو مكشلة 😄,ham
نحنا يبقى منجي وناخد مصاري ,ham
شوووكراااان 🤗🤗,ham
نحنا عالجسر تقريبا بنصو,ham
يعني اذا غيرت رايك خبرني🤗🤗,ham
نحنا عالجسر عمووووو,ham
علوش اذا معك مصاري بحدود ٥٠٠ ليرة,ham
انت وراجع جيب من الصيدلية تحاميل,ham
 اسمها اندوميتاسين,ham
0932153087,ham
وصلووو,ham
ميرسي🤗,ham
هاااااااي لولو,ham
جبلنا معك كاسيتا من عند امية ,ham
بس هووووس لاتحكي لحدا 🤫🤫,ham
هاي علوش ,ham
اي فاتح المسبح اليوم 🤗🤗🤗,ham
يا اهلين ,ham
علي لما رن لماما انزل انت كمان وحط نضاراتك اوووك ,ham
حجة,ham
رح ابعتلك الراشيتة تبع القطرة الجديدة علواتس,ham
مشان تجيبولي ياها معكن ,ham
اي طيب اوكي ,ham
حجة,ham
انا رحت لعند يمان ,ham
اوكيتووو 🤗🤗🤗,ham
لولو بدك السيارة خلي يتركها ولا لأ,ham
لا لا,ham
انت رجعت عالبيت ولا لسى مع بابا,ham
هااااي لولو,ham
شوو كيف السهرة ياغليييظ😜,ham
وين سهرتو بعدين ,ham
اوووو عظيمة عظيمة,ham
هلق بالقهوة محل ما قلتلك,ham
أي قهوة,ham
وأي تراسات,ham
لاتروح مشاوير حلوة ولااااااا,ham
اي قهوة ولااا,ham
هااااي كيفك ,ham
راجع معنا,ham
هلق حكاني الشوفير جاية ياخدني وبعدها لعند بابا وبعدها لعندك,ham
وانشالله ايمت بتوصلو لعندي على هالحالة 😭😭😭😭😭,ham
طيييييب 😐😔,ham
راجع معنا أليس كذلك 🤗🤗,ham
اي نعم ,ham
علميلي قبل بوقت هاا,ham
حاضر اوكيتو ,ham
خلصنااا وجايين لعندك ,ham
برنلك لما نقرب نوصل ,ham
هاااي كيفك ,ham
راجع معنا,ham
اي نعم ,ham
اي اوك,ham
سؤااال الشوفير حيجي عندك قبل ولا لعندي,ham
مابتفرق,ham
بس عم اسال لاعرف,ham
حجة انا ماني راجع معكن اليوم ,ham
اوك طيب ,ham
اذا تغير شي حاكيني 🤗,ham
نحنا جايين برنلك لما نوصل عالباب اوووك ,ham
علميلي قبل بوقت ,ham
هاااي ,ham
شو الاخبار خلصت وراجع معنا ولا لأ,ham
يا اهلين ,ham
اووووه ياسلام ,ham
اي يلا قومو طلعو ما تتأخرو 😂,ham
هااااي كيفك ,ham
شو روح انا عالبيت ,ham
لوين ابعتلك السيارة,ham
كيفك لولو ,ham
راجع معنا,ham
هاااي ,ham
راجع معنا مووو,ham
علوش عال ٩ كون عنا لو سمحت 🤗🤗🤗,ham
اووووك,ham
هاااي كيفك ,ham
راجع معنا مووو,ham
لا لا ,ham
هاي كيفك ,ham
راجع معنا مو ,ham
بس خبرني اذا راجع معنا او لا ,ham
مشان رنلك لما نوصل,ham
لولو كيفك,ham
راجع معنا أو لأ 🤗🤗,ham
يا اهلين ,ham
اوكيتو ,ham
انتبه على حالك 🤗,ham
خلصت موو وراجع معناا,ham
علميلي قبل بوقت هاا,ham
اي اوووك,ham
هااي لولو,ham
 راجع معنا مووو,ham
راجع معنا علوش 🤗,ham
اوك برنلك لما نوصل عالباب ,ham
لولو راجع معنا موووو 🤗🤗🤗,ham
لك لا شو معكن ,ham
يووووه ,ham
هيك بدك ترجع لحالك ☹,ham
يلا اوكي انتبه على حالك 🤗,ham
 قال صارو المكاري تبع الديماس تحت جسر الرئيس ,ham
اسال هنيك يبقى  احسن ماتروح عالوزان,ham
علي قال بابا ايمت بتخلص,ham
اوكي ,ham
نحنا رايحين ,ham
انتبه على حالك 🤗🤗,ham
شو طمني مشي حال السيارة,ham
لولو راجع معنا مووو,ham
تصلحت السيارة,ham
انا عند بابا صرت ,ham
اي الحمدلله ,ham
لكن لاتتاخرو 😅😅,ham
لاااااااا 😐😐,ham
لكن كيف بدي ظبطها هي ,ham
وبااااا,ham
خلص ماتحكي شي ولاتعمل شي ,ham
تعو على رااحتكن🤗🤗🤗,ham
لولو نحنا جايين لعندك ,ham
برنلك لما نقرب نوصل,ham
شوفيلي اديش صار التحميل ,ham
صار ٣٠٤ من ٣٩٠,ham
وعم يمشي مو واقف ,ham
مارح احضر اخر محاضرة,ham
رح ارجع معكن ,ham
اووووكيتو ,ham
برنلك قبل بوقت حاضر 🤗,ham
نحنا طلعنا جهز حالك ,ham
برنلك عالباب ,ham
وبعدين رح نروح عالجلاء مشان تعرف 🤗,ham
لا لحظة ,ham
اذا هيك روحو من دوني ,ham
عندي الف قصة بدي اشتغلها ,ham
بشتغلها هون وبعدها بحضر,ham
مادخلني بخاف قلو لبابا ,ham
صرنا قراب وقلتلو انك راجع معنا,ham
ماخبرتني راجع معنا ولا لأ ,ham
هاااي ,ham
راجع معنا مووو,ham
اي اي معكن ,ham
طيب اوك ,ham
خبرتها لولو 🤗🤗,ham
لولو كيفك ,ham
راجع معنا مووو 🤗,ham
اي نعم ,ham
انت بتعرف انو جايين ناخدك,ham
بابا قال انك خلصت ,ham
رح نوصل ,ham
اي انا واقف برا علطريق مشان تنتبهولي,ham
على نفس طرف الجامعة مو ,ham
محل ما بتستنوني لما بيكون بابا مناوب,ham
لولو راجع معنا ولا عندك ل٤ ونص,ham
لا لا عندي محاضرة,ham
اي اوك بالسلامة يارب ,ham
رح جيب بشرى ونجي لعندك اوووكي,ham
هاااي ,ham
كيفك لولو ,ham
راجع معنا ولا بتتأخر اليوم,ham
اي راجع معكن بس بدي لل2 وشوي لاخلص,ham
لولو بابا راجع معنا ,ham
برنلك لما نقرب نوصل اوك ,ham
هاي لولو ,ham
راجع معنا اليوم و لا بتتأخر ,ham
لاتتأخر في مطر حراام ترجع لحالك 🤗🤗🤗,ham
علوش ياعلوش,ham
راجع معنا موو,ham
قلت لاسالك بكير احسن😂😂,ham
جايين لعندك,ham
جهز حالك برنلك عالباب اووك ,ham
لولو خلصت مو ,ham
راجع معنا,ham
له له زعلت والله 😂😂😂,ham
اي ان شاء الله بابا مابيتأخر ,ham
هااااي بشمهندس,ham
راجع معنا اكيد مووو,ham
يا اهلين,ham
مابعرف والله لسى ما اجى بابا ,ham
بس يعني متل كل مرة ,ham
لازم عال٢ وربع يجي بابا لعندي ,ham
ببعتلك مسج اول ما نطلع من هون وبرنلك عالباب,ham
 نحنا طلعنا لولو ,ham
لانو بدي اتدين منك الف ليرة,ham
نسيانة جيب معي مصاري زيادة,ham
انا طلعت من الكلية ,ham
بدي مر على البحصة مشان اللابتوب,ham
اوكي مااااشي بحاكيك ,ham
هاي علوش,ham
راجع معنا اليوم ,ham
حكاني بابا ,ham
قال بدو يتأخر شوي ,ham
يبقى ببعتلك لما نطلع ,ham
اي مو مشكلة,ham
جايين ,ham
بس مسكرين كل المفارق ,ham
هاي لولو,ham
راجع معنا اليوم,ham
مشاااان اجي اخدك 😜,ham
بابا جاية ,ham
لك وباااا,ham
يعني نجي لعندك مووو,ham
ولك المعلم حكا معي وقلي جاية ,ham
ايوااااا,ham
اي يعني انت رح تجي تاخدني🤗🤗🤗,ham
لاء,ham
انتي وبابا جايين ,ham
🙆\u200d♀️🙆\u200d♀️🙆\u200d♀️🙆\u200d♀️🙆\u200d♀️,ham
هاي لولو ,ham
راجع معنا ,ham
لا طلعنا بس نوصل برنلك ,ham
علووووشتي راجع معنا ,ham
مااااااااااشي مادخلني ,ham
بس راجع او لا 🤗🤗🤗,ham
عالبييييت,ham
انت مع بابا يعني,ham
ايمت جايين ,ham
اوووووكيتو,ham
وين صرتووو,ham
هاااي لولو ,ham
راجع معنا اليووووم موووو,ham
اي نعم ,ham
علميلي قبل بوقت منيح ,ham
انا عندي محاضرة لل4 ونص ,ham
اوووكيتو ماشي ,ham
انتبه على حالك ,ham
حجة ,ham
اوووكيتو,ham
هاااي علوش,ham
راجع معنا ,ham
يا اهلين ,ham
انا عندي لل 4 ونص ,ham
كبااااب هندي وبطاطا مقلية,ham
قال ماما بتقلك وينك هلئ,ham
اسا بالفحامة ,ham
هااااي علوش,ham
راجع معنا,ham
اي نعم ,ham
اوكي برنلك قبل بوقت ,ham
هاي لولو,ham
ايمت بتخلص انت ,ham
يلا انا رح اجي لعندك,ham
شوفيلي بدن البزر هلق ,ham
لانو عند محسن انا ,ham
لولو يا لولو ,ham
راجع معنا,ham
اوكي بجيب بشرى وبعدا منجي لعندك,ham
هاااي علوش,ham
راجع معنا ,ham
والله مو مبين ,ham
لانو عندي مقابلة واسا ما اجا دوري ,ham
خلص انتو روحو ,ham
انا بس خلصت بشوفةن اذا طلعتو او لاء ,ham
اطلعتو برجع لوحدي ,ham
طيب اوكي ,ham
بس يعني دورك مطول ولا لأ,ham
مافي دور محدد,ham
الحيوان عم يختار على كيفو ,ham
وهلق عم يستريح لل2 ونص ليكمل ,ham
خلص عملو بحسابكن انو ماني راجع معكن ,ham
الله ياخدو ,ham
طيب ماشي موفق يارب ,ham
بطاطا وفروج بالفرن,ham
وينك هلئ,ham
هلق طلعت من الكلية ,ham
اووووكيتو ,ham
هاااي علوش,ham
راجع معنا ,ham
جاوب ولااا,ham
بلا لعي 😜,ham
أااااااحسسسسسسن 😌😌😌,ham
هاااي لولو😍😍,ham
حضر محاضرة الصبح مشان ترجع معنا ,ham
بلا ماترجع لحالك وما تلاقي مواصلات 🤗🤗,ham
هلئ لتذكرت خبرك ,ham
انشالله ماتكون راحت عليك 😌😌,ham
يا اهلين ,ham
اليوم تنين يا ذكية,ham
اييييييي الحمدلله 😌😌,ham
برنلك لما نوصل موووو,ham
لولو ,ham
عنا احتفال ورح نخلص 1 وربع ,ham
رح يوصلني الشوفير و يرجع مشانك لما تخلص عال 4ونص,ham
اووووكي,ham
اي غالباً رح اخلص عل3 ونص ,ham
اي تمام يبقى انت حكي ونسق مع الشوفير ,ham
انا رح اتأخر ,ham
طيب اوكي ,ham
هاااي لولو 🤗,ham
راجع معنا أليس كذلك 😌,ham
لايمت يعني رح تتاخر ,ham
مشان اذا سالني بابا,ham
ماااشي,ham
 بالسلامة,ham
ليكي بيجوز اتأخر ,ham
لانو هاد اتأخر لاجى ,ham
لهيك بس وصل بابا لعندك ,ham
بعتيلي رسالة,ham
ويا بقلك تعو خدوني ,ham
اوكي ماشي بس يجي بابا بدقلك و بتخبرني شو نعمل,ham
لا تدقي ,ham
بعتي رسالة ,ham
اي اوووكي ,ham
اي اوكي بس نوصل برنلك 🤗🤗,ham
ايمت جاي يا لولو ,ham
بتقدر تجي قبل ال5 ونص ,ham
لانو ماما عندها مشوار,ham
والله ما بعرف ايمتا بخلص ,ham
اوكي ,ham
او قبل بشي 10 دقايق مشان ماما توصل عالموعد 5 ونص ,ham
مو عأساس حسام يجبلك ياها,ham
انت شو قلتلو,ham
من ٣ ونص هو راح ,ham
هاي لولو,ham
راجع معنا ولا لسى ما بين معك,ham
اوكيتو 🤗,ham
لسى مااا اجى بابا ,ham
ولي ,ham
لا ,ham
هلئ شوي و بيجي بابا,ham
شووو,ham
لك وبااااا,ham
احكي ,ham
رح تروح عالحمام😂😂😂,ham
رح تتغالظ عليي و تبعت مسجات😂😂,ham
اجى بابا 🤗🤗🤗,ham
اوووكي,ham
هاااي كيفك ,ham
شو طمني عملت المقابلة,ham
اي يلا انشالله موفق يارب,ham
هاااي لولو ,ham
راجع معنا مووو🤗🤗,ham
لا مطول انا ,ham
اوووكي طيب,ham
بس لايمت يعني ,ham
ما بعرف ,ham
ماشي ,ham
الله يوفقك ,ham
لسى ماطلعنا ,ham
اذا خلصت لنجي ,ham
طلعنا ,ham
انتبه على حالك ,ham
خلصت,ham
بس ليصلحي وطالع ,ham
قال بابا ليكنا جايين لعندك ,ham
احسن ما ترجع لحالك,ham
هاااي يالولو,ham
راجع معنا مووو,ham
لا والله ,ham
ييييي يعني مطول على هالحالة ,ham
طيب بس يجي بابا برجع ببعتلك مسج ,ham
نشوف شو الوضع ,ham
ما بظن خلص,ham
وين وصل الدور ,ham
هلى اجى بابا لعندي ,ham
اسا مطول ,ham
طيب ماشي ,ham
قال بابا اذا مالقيت مكرو انت وراجع دقلنا ,ham
بيجي يجيبك ,ham
اي ضلك بالجامعة وبابا بيجي اوكي,ham
وصل بابا لعندك مو ,ham
وين صرتو ,ham
هاااي علوش,ham
راجع معنا مووو,ham
اي نعم ,ham
اي اوكيتو ,ham
كنت رح رنلك ,ham
جهز حالك ,ham
رح نوصل عالاتستراد,ham
هاااي ,ham
كيفك ,ham
راجع معنا مو ,ham
اي نعم ,ham
ماشي برنلك لما نوصل ,ham
هاي علوش,ham
شو صار معك ,ham
ايمت بتخلص ,ham
خلصت ,ham
اوكي عال٢ بطلع انشالله ,ham
طلع المسلسلللللللل,ham
هاي لولو ,ham
راجع معنا مووو,ham
اي نعم ,ham
ههههه انشالله بابا ما يتأخر,ham
هااااي ,ham
اكيد راجع معنا مووو,ham
اي نعم ,ham
اي انشالله ,ham
علوش اكيد راجع معنا أليس كذلك ,ham
اسا ما اجا دوري والله ,ham
طيب بس يجي بابا برجع ببعتلك ,ham
اديه باقي لدورك,ham
 اي اوكي ,ham
علوش اجى بابا شو صار ,ham
اجى دورك ,ham
لا لا برجع لحالي ,ham
لما تخلص خبرني اييي,ham
انت جاهز مو ,ham
رح نوصل لعندك,ham
وينك,ham
مابدك تشوف المسلسل,ham
هلئ طلعنا ,ham
رح نوصل بشرى ونجي لعندك,ham
انا برنلك لما نقرب نوصل ,ham
اي ,ham
الا اذا بدك بمكان تاني ,ham
اي اوكي ,ham
هااااااي,ham
كيف كانت المقابلة,ham
راجع معنا مووو,ham
يا اهلين ,ham
كلوو تمام,ham
اي راجع معكن ,ham
اي اوكي ,ham
هاااي يا لولو ,ham
كيف كانو المقابلات🤗,ham
برنلك لما نوصل اوووكي ,ham
يا اهلين ,ham
المقابلات جميليين هنن التنين ,ham
😂😂😂😂😂,ham
اي لااااا تتأخروو ,ham
مشاااااااااااني انا 😌😌,ham
هاااي علوش,ham
راجع معنا ولا لأ,ham
امبلا معكن,ham
اووووكي,ham
يلا ليكنا طلعنا ,ham
جهز حالك بس نوصل برنلك,ham
نحنا جايين جهز حالك ,ham
لما نوصل برنلك اوكي,ham
هاااي كيفك,ham
راجع معنا موو 🤗🤗🙌,ham
اييي نعم,ham
بس علميلي قبل ما تصولو بوقت,ham
اوووكي ماشي ,ham
خلصت انا,ham
شوي و بيجي بابا ,ham
لسى ماوصل ,ham
بس نطلع ببعتلك مسج ولما نوصل برنلك,ham
 طلعنا جهز حالك بس رح نجيب غراض ونجي عندك,ham
رح رنلك لما نوصل,ham
علوش للتأكيد ,ham
ما راجع معنا مو,ham
لغو المحاضرة,ham
😂😂😂😂,ham
ماشي بس لسى ما اجى بابا ,ham
برنلك لما نوصل,ham
اوووكي,ham
هاي علوش,ham
كيف كانت المذاكرة,ham
راجع معنا مووو,ham
 اوكي ,ham
كون جاهز بس رنلك بتنزل بتاخد السيارة و بتروح فورا,ham
اوووك ,ham
هاي علوش ,ham
خلصت لما بقرب وصل لعندك رنلك مو ,ham
لدي عمل 😪,ham
لك بس انا يلي رايحة ,ham
اذا بدك بنطرك,ham
لا لا خلص تعالي 😂😂😂,ham
اووووكيتو ,ham
لولو مو راجع معنا ,ham
لا ماني راجع معكن,ham
علووووش راجع معنا مو ,ham
مشان رنلك لما نوصل,ham
لا لا ,ham
لك لييييش ,ham
هلئ بتتعذب بالرجعة متل مبارح,ham
كبسسسسسسسة وطالعة طيبة كتير كتير,ham
وينك انت ,ham
طااايب,ham
رح اكل كبسة وجيب صندويشة,ham
اسألي محمد جبلو معي ,ham
قوليلو بطاطا بقشقوان,ham
اي اي جبلووو معك وحدة,ham
توصل بالسلامة,ham
ماشي,ham
شووو طمنا طلعت بمكرو المساكن ولا لسى,ham
لا ,ham
قبل شوي وصلت لتحت الوزان,ham
يلا انشالله تلاقي يارب,ham
هاااي ,ham
في بيدونات المي بالسيارة,ham
مشان اذا بدك تخلي الشوفير يطالعهن عالبيت😜,ham
هاااي علوش,ham
راجع معنا اكيد موووو,ham
بس ليجي بابااااا ,ham
برنلك لما نوصل,ham
هاااي علوش,ham
راجع معنا اكيد,ham
موووو,ham
لسى ما اجى بابا ,ham
مابعرف,ham
ليكنا طلعنا جهز حالك,ham
لولو راجع معنا مووو,ham
كيييفك علوش,ham
كيف كان التقديم,ham
راجع معنا مووو,ham
يااا اهلين,ham
الحمدلله كلو كان تمام,ham
كيفك لولو,ham
لااا تعصب بس يمكن الشورت يلي بتلعب فيه لسى بالغسيل ,ham
مشان تلاقي شي تلبسو ,ham
علوووش راجع معنا اكيد موو,ham
اييي نعم,ham
قبل ما توصلو بوقت منيح علميلي,ham
اوووكيييييتوووو,ham
كيفك علوش ,ham
كيف كان التقديم اليوم,ham
راجع معنا اكيد مووو,ham
برنلك لما نوصل عندك ,ham
 هاااي علوش,ham
راجع معنا مو,ham
برنلك لما نوصل مااااشي,ham
ياااااي ماشاء الله شو سريع 😂😂😂😂😂,ham
هااي لولو ,ham
كيف التقديم ,ham
خلصت ,ham
ياا اهيلن ,ham
ممتاز التقديم كان,ham
يلا كنت رح رنلك يلا رح نوصل طلع ,ham
عجقة كووومة ,ham
وليه ,ham
خلص مشي الحال,ham
اي يلا رح عبيلك ,ham
طيب اذا ما هبيت فورا بقدر ,ham
اذا ماعبيت 😂,ham
ولا تنسي بس ترجعو ,ham
لا تنسي هاااا,ham
اوكي مااااابنسى حاضر برنلك قبل,ham
نحنا جايين عالطريق ,ham
بس اتاخرنا لان مرقنا على محل,ham
بس نقرب نوصل برنلك,ham
كيييفك,ham
كيف كان الامتحان ,ham
وينك انت,ham
راجع معنا,ham
يا اهلين ,ham
الامتحان اي دونت كنوو,ham
انا اسعتني بالكلية وراجع معكن ,ham
اوووووووكي ماشي,ham
عرفت عرفت😜😂,ham
والله مااابعرف يالولو,ham
بس عم دور هلئ لاعرف,ham
بتحط على ماذا يخطر في بالك ,ham
بعدين على الفيلينغ,ham
بعدين بيطلعلك اكتفتي و بتحط السفر ,ham
طلع انك انت بحلب ,ham
مو سفر لحلب,ham
اي هلئ مشي الحال ,ham
اييييييي زبط والله ,ham
وحلو كتيييير ,ham
لك وجع خلصت باقة الرسايل عليك,ham
ماعم جامل حلو كتير ,ham
وانا اشتقتلك 😓,ham
رجع يلا😍🤗🤗🤗,ham
جميييل,ham
واللعية,ham
😑😑😑😑😑😑😑😑😑😑😑😑😑,ham
لولو كييفك ,ham
وين صرتو 🤗🤗,ham
ياا اهلين,ham
وضرييييب 😑😑,ham
هلق,ham
يعني حالياً على هاد الطريق,ham
بعد شوي يمكن نصير على طريق تاني,ham
يادب الحق عليي أصلا سألتك 😑,ham
توصلو بالسلااااامة 😍🤗,ham
تقرير اولي ,ham
والله لطقو ضحك بس تجي ستكن ,ham
لانو مصوفنة لعند الله,ham
هي اول شي,ham
😂😂😂😂,ham
ليه بدها تعقدو شو عم تعمل ,ham
صورلنا فيديوهات,ham
بس تروح عند خالو بتبعتن 😂😂😂😂,ham
بس لتجي بتعرفو 😂😂,ham
بس مارح تنزعجو هاا,ham
رح تضلو تضحكو صدقيني ,ham
لك ما عم احسن امسك حالي يا امة الله 😂😂😂😂,ham
عمتك فاطمة عم تطلع فيني كأنو اول مرة بتعرفني ,ham
تطليعات غريبة وبتخوف,ham
هههههههههههه,ham
ولي يخرب بيتن الله يحميك من عيونن يارب يارب ,ham
والله شكلي مارح اطلع غير مكرسح من بيت عمتك 😂😂😂😂😂,ham
بكمل معك بعدين ,ham
لاااابعيد الشر ,ham
انشالله هنن بطقو عيونن ,ham
اي اي رايحة لا تدفش😜😜😜,ham
كيييفك علوش,ham
اشتقتلك اناااا ❤😍,ham
حكيلو لخالو انو سألتلو وطلع ماافي شي ,ham
اوووكي,ham
يا اهلين,ham
لك اهلك طلعو من حلب شي ,ham
ههههه اي آميين آميين ,ham
اي طلعو الساعة ٧ الصبح ,ham
لانو حكتني وقالتلي هلئ رح نطلع,ham
هاي لولو ,ham
شو نزلت اليوم مشان اللابتوب و لا لأ,ham
علوش رجعت عالبيت مووو,ham
 لولو لوسمحت شغلي السخان 🤗🤗🤗,ham
مشان شو ,ham
هاا,ham
مشاااااااان شي 😜,ham
حجة,ham
انا رح اطلع هلق من الكلية,ham
لانو خلصت وما عاد في شي اعملو,ham
حسب العجقة ,ham
يا بلاقيلكن عند الجمارك,ham
يا بروح لعند بابا فوراً,ham
يس آي اندر ستاند يو 😍😍,ham
انت اذا وصلت عند بابا بعتلي مسج ,ham
اووكي,ham
وصلت عند بابا,ham
لولو كيفك ,ham
انا رايحة جيب قهوة وبعدا بجي لعندك ,ham
برنلك لما وصل ,ham
اوووك,ham
بكفر سوسة ,ham
جايين ,ham
لا ما تطلع ,ham
برنلك يبقى,ham
لولوووو راجع معنا اكيد موووو🤗😜,ham
لا لا ,ham
طيب اوووكي ,ham
رجع لحالك ,ham
بس لماااذا ,ham
طيب اوكي ,ham
انتبه على حالك ,ham
كيفك علوش ,ham
طمني وصلت ,ham
لولو وصلت عند رفيفك مووو,ham
اي اي عندو انا صرت,ham
اي اوكي مابنسى ,ham
من لما نطلع بطلعة القصر برنلك ,ham
لاااتنسى تذكرو لبابا فيك اوووكي ,ham
اوكيتو 🤗🤗🤗,ham
هااااي علوش ,ham
راجع معنا موووو,ham
اي نعم,ham
لييييييييش,ham
ليجي بابا 🙇\u200d♂️🙇\u200d♂️🙇\u200d♂️,ham
لسى مااا اجى بابا ,ham
فيك شي,ham
 مبلا هلئ طلعنا,ham
هاااي لولو,ham
اكيد اكيد راجع معنا مووو,ham
بتضل لل4 ونص ,ham
طيب اوكي,ham
انتبه على حالك ,ham
ليك بابا رح يتأخر ,ham
يمكن ترجع معو لان بدو يروح ليصلح السيارة,ham
اي اوكي,ham
كيفك علوش,ham
طمني وصلت,ham
اي وصلت ,ham
ايييي الحمدلله 🤗🤗,ham
لولو اكيد بهالبرد راجع معنا مووو,ham
يييي ضرورية المحاضرة,ham
كنت رجعت معنا,ham
امممم ,ham
يلا بسيطة اذا التغت خبرني فورا,ham
التغت المحاضرة,ham
ياسلااااام 😍😍,ham
اوكي برنلك لما نوصل,ham
طلعنا هلئ,ham
 بس ندخل من باب الكلية برنلك مااشي,ham
كيفك علوش,ham
وصلت ,ham
يا لولو وينك ,ham
طمني عنك وصلت,ham
هاي علوش,ham
راجع معنا مو ,ham
انا خلصت ,ham
اووكي ماشي,ham
هاي لولو ,ham
سؤاااال,ham
ايمت بتخلص اليوم,ham
لانو يمكن ينزلونا بكير عال١ ونص ,ham
يمكن ,ham
مو اكيد,ham
يبقى بخبرك,ham
اي اذا طلعوكي بكير ,ham
خبري بابا يبعتلك الشوفير ,ham
اي لشووووف و بخبرك 🤗🤗🤗,ham
حجة,ham
انا خلصت هلق,ham
بدك تعي لعندي بعدين منروح ,ham
او بدك جيبي وتعي ,ham
لا مو انا ,ham
ورقم بابا 81145147,ham
جميل جميل,ham
حاااضر 😝,ham
رح جيب فطاير معي,ham
انشالله بيعجبك ,ham
ماشي الحال,ham
هاي حجة,ham
حوليلي وحدات,ham
اي تكرم فورا,ham
وصلو,ham
انشالله أهلين 😌,ham
انت قلتلو لبابا انك رايح مع رفقاتك مو,ham
اوووكييي,ham
حجة,ham
بس رنلك انزل و شيل المفتاح من الباب لاتنساه اي,ham
يعني نزل المفتاح معك مشان نفتح نحنا 😂😂😂😂😂😂,ham
😂😂😂😂,ham
هااي حجة,ham
هايات اوكي يلا,ham
رنلي لما يوصلو ماااشي,ham
تعاااااال بسرعة,ham
ما بحسن قوم ,ham
دخلنا عالتراب,ham
عم رنلك يا اجدب مشان تقوم ترد 😂😂😂,ham
هههههههههههههههههههههههههههه دب,ham
😂😂😂😂 لاتقولها وين راح,ham
كم باقي لكم 🤔,ham
لسى بابا ما اجى لعندي ياصديقي 😂,ham
اجينا اجينا ,ham
يلا استعد,ham
هلق بفصل معكن على الطريق,ham
Removed a question mark from “اجينا اجينا ,ham
ييييي بعيد الشر ,ham
طلعنا صرنا عالمتحلق,ham
علوش نحنا هلئ خلصنا اذا خلصت لنجي ناخدك,ham
يلا انزل علي,ham
علي اذا قدرتو عبولها لماما رصيد على خطها ب500,ham
اي وصلووو,ham
عمووووو مابدك تجي عالأكل ,ham
لااا تتأخر  ولااا تنسى الكولا اذا معك بكفي ,ham
اذا بدك بس توصل لتحت رنلي و انا بنزل ,ham
احسن ما تطلع انت ,ham
اووووكي ,ham
يبقى رنلي,ham
حجة,ham
وليه,ham
هاااي علوش ,ham
انت مو راجع معنا و لا شووو,ham
حااااضر 😂😂😂,ham
يلا جايين جهز حالك ,ham
برنلك يبقى,ham
هااااي كيفك ,ham
شو جاي معنا ولا لأ,ham
يا اهلين,ham
اوووكي ماشي ,ham
هاااي علوش ,ham
شو غيرت رأيك  راجع معنا ولا لأ,ham
يا اهلين ,ham
عمووو بس توصل رنلها لبشرى مشان تفتحلك,ham
هاااي لولو🙌,ham
جاي معنا ولا عندك محاضرة,ham
يا اهلين,ham
لا عندي,ham
راااجع معنا موووو,ham
اوووووكي بس ليجي بابا لسى ما وصل لعندي ,ham
ماااذا تريد,ham
حنفية,ham
كولا كبيرة,ham
كولا دايت,ham
قهون بن الشامي ازرق وسط,ham
وقية كاكاو ناعم,ham
حنفية,ham
كولا كبيرة,ham
كولا دايت,ham
قهون بن الشاميييييابع ازرق وسط,ham
وقية كاكاو ناعم,ham
حنفية,ham
كولا كبيرة,ham
كولا دايت,ham
قهون بن ازرق وسط,ham
وقية كاكاو ناعم,ham
لا بيس هدول ,ham
شكرااا الك 😍,ham
ياا اهلين,ham
 اووووكيتو,ham
حجة,ham
انا بدي ارجع معكن هاا,ham
مااااشي اوكي منستنااااااك ,ham
انااا خلصت,ham
نجيب بشرى قبل ولا انت ,ham
رح يروح الشوفير معنا ما ,ham
لا جيبو بشرى,ham
هااااي لولو ,ham
مو راجع معنا موووو,ham
علوش ما خبرتني راجع معنا ولا لأ,ham
هاااي علوش ,ham
راجع معنا مووو,ham
لاااا,ham
طييييب اووووكي ,ham
هيلوو 🙌,ham
راجع معنا مووو,ham
اي راجع معكن وخلصت ,ham
هاااي علوش شو راجع معنا ,ham
لا راجع لوحدي,ham
عندي محاضرة,ham
بتلحقها لبشرى لان موعدها ٥ ونص ,ham
يبقى بابا بوصلها و انت بترجعها ,ham
لا بيجوز لحق وصلها كمان,ham
لنشوف شو بيصير,ham
ولعية لالها بس 😂,ham
اي على راحتك يعني لااا تستعجل ,ham
بوصلها بابا ,ham
مرحبااا ,ham
شو راجع معي ولا عال ٤ ونص ,ham
لا عندي محاضرة,ham
اوووكيتو 😌,ham
ومشان السيارة تبقى بالديماس وانت ترجع لوحدك ولا نبعتلك ياها ,ham
اسألي ابوكي ,ham
قال بابا السيارة بترجع لعندك جخ بهالنعمة ,ham
بس توصلني ببعتها لعندك ,ham
متل العادة برنلك لما نوصل موووو ,ham
بس يوصلوك رنلي اي ,ham
بيقلك بابا,ham
انا هلئ رايحة لعندها مابعرف لسى,ham
رح حاكيها و بردلك خبر ,ham
قالت ماما لسى ما اجى الدكتور ناطرتو عأساس تدخل اول وحدة ,ham
خلثنا ونحنا جايين عالطريق ,ham
جمييييل,ham
😂😂😂😂 والله ما انتبهت ,ham
بعرف,ham
هااااي 🙌,ham
راجع معنا مووو,ham
عمووو حطلك لابتوبك عالشحن,ham
😂😂😂😂😂اي تكرم ,ham
راجع معنا موووو ,ham
لا لوحدي,ham
عندي محاضرة,ham
ماااااااشي,ham
هاااي ,ham
راجع معنا موو,ham
اي ,ham
اوكي ,ham
معناها لما نطلع من الادارة  برنلك,ham
هاااي ,ham
كيييفك,ham
راجع معنا مووو,ham
يا اهلين,ham
هااايات,ham
أكيد راجع معنا اليوم مووو 🤗🤗,ham
امممم ,ham
طيب اوووكيتو ,ham
اذا غيرت رأيك قبل ٢ وربعحاكيني ,ham
لك شوو غير رأيي,ham
عندي محاضرة عملي,ham
ههههه لك قصدي اذااااا ما اجى الدكتور ة 😜😂,ham
هاااي لولو,ham
اليوم اكيد اكيد راجع معنا مووو😜,ham
لانو في نادي 😌,ham
أي بابا لل ٢ وتلت ليجي لعندي ,ham
يعني بنخلص سوا ,ham
اي هلق خلصت ,ham
مرحباااا,ham
انت خالص مو يعني اطلع واجي لعندك ,ham
كيييييفك علوش,ham
شو راجع معنا ولا رح تتأخر,ham
لا معكن,ham
طيب اوكيتو لوقت نجي لعندك بتكون خلصت ,ham
اي انشالله 😂😂,ham
نحنا رح نوصل اذا خلصت طلاع ,ham
هااااي لولو ,ham
اكيد راجع معنا مووو مشان ماتغرق بالمطر ,ham
اي معكن ,ham
لسى  ماطلعنا ,ham
انا دقيتلك لشوفك خلصت او لا ,ham
ليكنا جايين ,ham
جهز حالك ,ham
ولي عليكي,ham
ولي عليك انت جدبة,ham
يلا ليكنا جايين ,ham
لا والله انتي الغبية,ham
فصلتلك علاساس وصلتو ,ham
لاااا انت الاجدب ,ham
لكن معقول نجي لعندك وانت لسى مو مخبرني اذا خلصت او لا 😜😜😜😜😜,ham
لك مجنونة,ham
طلعي على الرسالة يلي جاوبتك فيها اذا راجع معكن او لاء,ham
كتبتلك ,ham
اي معكن,ham
انا هلق خلصت,ham
ياااااابشمهندس بعد الاتصال وصلت المسج ,ham
كذابة 😂😂😂😂,ham
بعتت الرسالة فوراً من لما وصلت رسالتك,ham
لا والله مو كذاااابة ,ham
و انت غبي و اجدب واهبل ,ham
ماشغلت مخك شوي 😂😂😂😂😜😜😜😜,ham
كذاابة لعند الله متل مارح شوفك بعد شوي قدامي,ham
مرحبااااا لولو ,ham
راجع معنا ولا نووووو,ham
ماااارديتلي الجواااب,ham
مشان ماعدلك قصة مبارح😂,ham
لولو رح ترجع معنا ,ham
رجع معنا حرام انت مرضان 😂😌😌,ham
اي عادي أصلا لبين ما يجي بابا و نوصل لعندك بكون صارت ٢ ونص,ham
لولو يا لولو ,ham
راجع معنا موووو,ham
هاي يا لولو,ham
راجع معنا,ham
ايي نعم,ham
بس يمكن طول لل2 ونص,ham
انتي وقت تصيرو على المتحلق ابعتيلي رسالة,ham
يعني قبل بوقت منيح ,ham
طيب اوكي ,ham
علوش بيك راجع معي مووووو,ham
لااا ,ham
امممم طيب اوكي ,ham
و السيارة ,ham
خلص اوكي السيارة رح ترجع لبابا ,ham
انتبه على حالك ,ham
باااي,ham
علوش راجع معنا,ham
اي اي ,ham
ههههه استنى ليجي بابا,ham
برنلك يبقى,ham
اي ماشي,ham
شووو طمنا كيف كانت المقابلة 🤗,ham
انشالله ما تاخرت ,ham
قبل شوي خلصت,ham
الحمد لله كلو كان تمام,ham
اي الحمدلله ,ham
لكنننن اخي شطور ماشاء الله 😍😍,ham
لولو يا لولو راجع معناااا,ham
اييييي ماشي برنلك لما نوصل,ham
اي وصلنا,ham
انت ل٤ ونص ما ,ham
نحنا رايحين باااي 🤗,ham
انا بالمحاضرة ,ham
عم احضر فجن,ham
اي هاد علي يوسف كان بدو ياك,ham
تمام ,ham
اي نحن رايحين علمسبح التنين قلت بشوفك اذا سافرت او لاء ,ham
اكيد نشالله,ham
شو الخطة مشان الرياضة ,ham
نرجع على نادي الكيك ولا بلاها ,ham
لانو الوضع كتير سيء ,ham
برأيي حديد علوش,ham
بدي انحف ,ham
حتروح لعندحسين ,ham
اي بس ليعلملي رح اجي اخدك ونروح لعندو ,ham
عم استنا تعليمتو انا ,ham
اي ساهة تقريبا ,ham
خيو لبوس ,ham
رح اطلع هلق انا ,ham
لا لا حكا معي قلي نطور لعلملك,ham
خلينا ننطرو شوي,ham
لك منروح علمكتبة ,ham
منشحطو ومنروح على بيتو ,ham
بيكون عم يسكرها ,ham
عم ادرس انا لان لهيك عم اتأكد منك,ham
ماكتير معي وقت,ham
هلا بس شوفك بحطيلك,ham
خلينا ننطرو شوي,ham
خلص مننطرو ,ham
انا كمان كنت عم ادرس ,ham
بس طلعت علدوار لجيب غراض قام شافني وعلق فيني ,ham
وكان معو  رجب ,ham
يلا عم البس,ham
طلعت ,ham
اي والله يا علوش,ham
الله يسرلك ياارب 😂,ham
حذفو علامات التسويق من الموقع تبع العلامات 😂😂😂,ham
لعما😂😂😂,ham
الله يعينكن عهالدكتور😂💔,ham
اذا نسبة النجاج واطية في أمل,ham
وكل الله😂❤,ham
لك لانو صرت ادرس من دون نفس 😂😂😂,ham
ما بعرف اذا رح قدم او لاء ,ham
الله يعينك☹,ham
كنت قافل جهازي,ham
من ايمت باعتا ,ham
شو المشروع 😍,ham
ريدي ,ham
يس ,ham
بس لابس ببعتلك مسج ,ham
١٠ د جاهز بكون برا,ham
نزول عم البس البوط,ham
علملي بس برا انا عالبرندا,ham
اذا قلك مطولين,ham
تعا نطور معي بالسيارة وبترجع لعندو ,ham
يلا طلعت,ham
علوش,ham
شو رأيك نعملا الاربعاء ومنروح منسهر ومناخد حسين ورجب,ham
بكون معي وقت احسن بكتير,ham
ولا ما بتقدر الاربعاء ,ham
علوش بس بدك مر عبيلك الفلاشة ,ham
اي يزون ,ham
اسف ما انتبهت على الموبايل ,ham
اي بس ما بلحق غير مر اخدن وارجع فوراً ,ham
ولا يهمك,ham
ايمت جاي,ham
انا عم ادرس عند يوشع والله يا علوش,ham
كيف كانو الافلام ,ham
اووو ,ham
بلش في وشوف الجمال😍,ham
5 اجزاء ولو,ham
كل واحد لحال ما دخلن ببعض كتير,ham
 اين انت,ham
قتاح مسينجر,ham
لا مانك فاتح 🤔 ما علينا  اهلي رايحين بس يروحو بدقلك تجي فاضي,ham
بعد شي نص ساعو ,ham
محكاك ماعم توصلك,ham
يلا,ham
بس بدي شوي وبجيك,ham
اي يلا ربع ساعة عالتمام وتعال,ham
اذا انت بالبيت,ham
وسهران,ham
وما عندك شي ,ham
 ناطرك,ham
علوش بتروح عال٧ ,ham
علوش تروح عال٥ ,ham
عال٦ الا ٥ طالع انا,ham
علوش اذا بكرنا لل٥ ونص عندك شي ,ham
لا ابداً,ham
اي والله ياريت ,ham
عال٥ و ١٠ بكون هنيك تمام ,ham
تمام,ham
استناني برا ,ham
لا تفوت لاجي ,ham
اي اكيد,ham
بس اطلع من هون ببعتلك مسج,ham
طلعت انا ,ham
 علوش انا جايين لعندي رفقاتي لعندي عالاغلب انا ما اقدر روح اليوم,ham
اذا راحو بكير بحكيك اذا فاضي انت منروح😘😘,ham
علوش بتروح عال٧ وربع ,ham
جاهز ,ham
 علوش انا ما حاقدر روح للمسا اليوم,ham
اذا بدك نطرني نروح واذا حابب تروح هلا روح,ham
ردلي خبر,ham
😘❤,ham
اي يزون ,ham
اي خلص روح انت المسا,ham
هاي,ham
رحت اليوم ,ham
اذا مارحت انا رح وصل عالبيت عال٦ حروح,ham
هلا يزون ,ham
والله رحت ورجعت لانو طالع مع رفقاتي علساعة 5,ham
بدنا نضل بالسيارة ولا ننزل,ham
بس تطلع علملي,ham
انا شي ربع ساعة وطالع عالنادي,ham
اذا حتروح بعلمك بس اطلع,ham
علوش انا نازل مع اهلي ما حاقدر روح هلا,ham
٩٩ بالمية وصل بال٧ ونص ٨ كنا منروح,ham
بخبرك قبل انا يوقت اذا جاي مشان تنزل,ham
اي يزون ,ham
انا بدي اطلع على دمر البلد علساعة 8 ,ham
لهيك لازم كون مخلص نادي ومتحمم وقتها,ham
اي ماشي علوش سبقني لكن ,ham
انا مارح روح لل6 ,ham
 علوش انا حروح المسا لهلا ما وصلت,ham
اي ولا يهمك,ham
علوش قدي بدك,ham
رح اطلع بعد شوي ,ham
حاول تأسرع اكتر شوي بس اليوم باليز❤😂  عال٤ جاي,ham
هلا علوش النت عندي هالفترة صاير سيء جدا صورة ما بحمل,ham
عند الكل هون ولا بس عندي ,ham
لا عند الكل ,ham
تعال ناطرك,ham
مستر انا طالع علنادي ,ham
هلا اكلت والله,ham
بلكي بكرا بشوفك بهالوقت😘,ham
 اليوم صدر مو,ham
اي ساعة رايح,ham
اي صدر ,ham
والله لهلق بالكلية ,ham
حكيني قبل بوقت رايح معك,ham
رح قوم,ham
٤ الا ربع كون هنيك انت,ham
 انا برا,ham
طلعت,ham
بدك تحمي بالبيت انت ولا بالنادي,ham
6 الا ربع كون هنيك انت,ham
يسسس,ham
اايوم عندي كتاف انا غبت مبارح وصلت بالليل,ham
اذا مارحت بتلاقيني بالنادي ٦ ونص ٧,ham
 ايمت رايح عالنادي يا طري,ham
وقت بدك الي ٤ ايام مارحت,ham
اي اتفقنا,ham
ناطرك,ham
عم ساوي متة,ham
قدي بدك,ham
معك ١٥د بكون الابريق عالطاولة,ham
زبط مشي حالو اذا ما طلعت,ham
اسف😁,ham
كيفك يزون,ham
انا رح روح هلق علنادي لانو عندي شغلة بدي لحقها بس ارجع ,ham
اذا ما عندك شي لحقني ,ham
ماشي علوش ولا يهمك❤❤❤,ham
 خدلو ال٣٠٠٠,ham
ماعم يطلع معي,ham
شوف عالايجي بيست اذا موجود,ham
خليك ثواني,ham
بعتلك مسينجر,ham
httpswmycimatvd985d8b4d8a7d987d8afd8a9d985d8b3d984d8b3d984seed985d988d8b3d9851d8add984d982d8a94,ham
شفتو شفتو ,ham
حطيتو علتحميل,ham
علوش بالله جبلي معك سندويشة لعلي بلا مخلل❤❤,ham
يشعر بالجوع,ham
قدي بدك,ham
 شو الوضع,ham
اذا ما بتلحقني حيدوب كرشي وصير نحيف,ham
بقيالو 20 ميغا ,ham
شي ربع ساعة وبكون عندك انشالله ,ham
حطيت ربع ساعة عالمؤقت😂,ham
الله يستر ما يفصل النت 😂😂😂,ham
اخي اذا فصل وديلي الاكل ورجاع حملو 😂😂😂,ham
اي  اي ساعة,ham
اي مستر ,ham
لا تواخذني انا كنت برا البيت عم جيب غراض ونسيت موبايلي بالبيت ,ham
هااي ,ham
انا خلصت ,ham
لسا ما وصلت,ham
عالاغلب ما اقدر روح انت,ham
يمكن ضل هون البوم اذا رجعت بحاكيك نقعد او منأجلا لبكرا,ham
طيب عراحتك,ham
مكنة أمامي  رفرفة دنابل واقف,ham
مكنة خلفي  رفرفة منحني,ham
رفرفة جالس,ham
مع رجلين و سواعد,ham
جميييل,ham
انا رح روح بالليل عل8,ham
بقا اذا لحقت توصل قبل بوقت خبرني لنروح سوا ,ham
اوووك,ham
ايمت رايح عالنادي,ham
  شو صار معك,ham
ايمت بتروح,ham
علطريق انا هلق,ham
هلا حضرنا للحلقة ٥ نحنا ما,ham
اي ,ham
يلا نزلت ال٧ كمان,ham
عال٧ ونص,ham
 انا عم احلق شعري يمكن ما اقدر وصل لل٨ في شوية زحمة ,ham
انا عل8 الا ربع رح انزل علنادي,ham
صدر وأمامية,ham
اي بلش انت وانا بجي بلعب بسرعة,ham
 عالاربع بكون هنيك,ham
الا تلت😎,ham
رايح اليوم ولا روح لحالي,ham
باط وخلفية,ham
تروح عال٨,ham
والله رحت وهلق رجعت,ham
بالمحاضرة,ham
اي عرفت,ham
المهم ,ham
تروح علنادي علساعة 7 او 8 ,ham
بس وضل ببعتلك اذا خرج روح,ham
اوووك,ham
هو مارح روح لحالي,ham
هلا لطلعت من تحت الجسر,ham
ماشكلي حروح انا,ham
بكرا رايح عالاكيد,ham
حجي,ham
انا علطريق,ham
انت ما بتحب تشوف الكهربا يا زلمة 😂,ham
ماشي عال٣ ونص بكون هنيك,ham
لحظة لحظة,ham
رايح عالنادي اليوم,ham
٨ ونص,ham
منخليها لل٧ ومنرجع منتحمم بتكون اجت,ham
هلق لاتذكرت,ham
المشكلة انو مافي مي سخنة لاتحمم ,ham
لازم تجي الكهربا وتسخن المي لاحسن اتحمم,ham
ونسيت شغلو وقت كانت جاية,ham
ولاا يهمك,ham
كالعادة,ham
اي باشا,ham
مارح احضر المحاضرة,ham
اوكك ,ham
عال الا تلت كالعادة بكون ناطرك,ham
 وينك,ham
 Happy birthday يا حبيب,ham
ميرسي يااا كبييير😍,ham
بكرا بحتفل فيك تكرم😂,ham
اي مو تكررررم,ham
تكرررم,ham
روح من وشي هلق,ham
😂😂❤,ham
علوش انا لسا بالجا معة ما قدرت اطلع😭,ham
المسا بشوفك,ham
هلا وصلت عم غير تيابي,ham
يلا دقيقتين بس,ham
 تعال عالباب,ham
باشا,ham
انا هلق رح البس,ham
اي بس شي تلت ساعة,ham
اوووك,ham
تفضل,ham
علملي بس تطلع,ham
عالاتلت ,ham
 لا والله😭,ham
المسا شاورما 😂,ham
المسا بس تفضا حكيني,ham
والله عندي عملي 😭😭,ham
خلص اخر مرة بهالوقت نشالله😂,ham
 علوش انا بعتزر عن اليوم نا حاطلع كتير فرطان ,ham
حنام اذا فقت بكير بحكيك نقعد,ham
ماعندي مسينجر شو باعتلي,ham
وصلت عالبيت ٦ 😭,ham
وين صرت,ham
انا عند البلد ية,ham
 انا ما قدرت ارجع بكير😭,ham
  علوش حكاني الكوتش هلا اعتذر عن التمرين اليوم ❤❤,ham
هلا لحكاني انو مافي تمرين,ham
خلص رصيدي انا بالطريق,ham
بااسيطة,ham
هو الاجدب لازم يخبرنا قبل بوقت,ham
كيفك يزوون,ham
اليوم في نادي ولا لاء ,ham
هلا علوش,ham
اي في اليوم,ham
مخلوع كتفي انا مانزلت عالدوام اليوم,ham
اذا ارتحت شوي بحكيك قبل بساعة اني رايح,ham
شو رايح,ham
لا والله بعتزر☹,ham
كيفك باشا,ham
اليوم بدك تروح على النادي ,ham
اذا ما بدك تروح خبرني قبل ال2 لانو ماني رايح لوحدي,ham
اليوم معطل انا ,ham
بدنا نروح ,ham
حيصير الكرش متر يا كبير 😂💔,ham
لك اليوم عطلت معي وانا نازل على الجامعة,ham
واسا ما خلصت لهلق,ham
فيني دبر الروحة بكون بابا رايح يجيب اختي منطلع معو ,ham
اي خلص ,ham
الرجعة منتبهدل شوي معلش,ham
بس ما بحسن وصل على المساكن الا للساعة 3 ونص ,ham
حبيب الجو كتير حقير ماخرج بهدلة بتكون عتمت😂,ham
دبرلنا رجعة بس انت من الاوائل عالجا معة مابتصعب عليك,ham
السيارة بدها تنام عند المصلح,ham
 ماعندي مشكلة بالبهدلة بس نلاقي سير بهالوقت,ham
طيب حكي الكوتش وسألو,ham
هلا بسأل رفقاتي عن السير هنيك,ham
بس توصل منحكي,ham
عالاتلت,ham
انا بالجامعة يا كبير,ham
السيارة رجعت اكلت خراا,ham
اذا انت بتحسن تروح روح,ham
 طيب ردلي خبر قبل انك مو رايح تركت العملي واجيت 😭😑,ham
والله علاساس راجع انا ومأمن معي السيارة,ham
عطلت معو للشوفير وهو جاية لعندي عل2 ونص,ham
خبرني وانا بالمحاضرة,ham
وفي مقابلات بالمشاريع لهلق ما خلصنا,ham
فالامور فايتة ببعضها,ham
 لا عندي لسا جلستين بس حغيبن ماعاد احضر بينخصم علامتين بس,ham
يلا فداك ❤❤,ham
والله هاد يلي صار,ham
هلمرة بعصتنا السيارة ,ham
والله تعيس انا ,ham
حاطينلي باول مقابلة ١٤ من ٢٠😭,ham
شوف مصايب غيرك بتهون عليك مصيبتك😂💔,ham
  وينك,ham
ويينك,ham
علوش اجا لعنا ضيوف ماحاقدر روح اليوم مافيني اتركن ☹❤,ham
لا☹,ham
ههههه لك كنت عم ادعي تقلي ماني رايح,ham
لانو ما الي حيل اتحرك,ham
اوووك😂😂❤,ham
اليوم ما حافقس انا جاهز 😎❤,ham
رايح مو,ham
اي اي,ham
علوش,ham
عال٣ و ١٠,ham
 ٣ وعشرة,ham
بطلع يعني عال٣ و١٠,ham
خدلي تيابي معك,ham
خليها عال٣ ونص نلتقي مشان لحقك,ham
وينك,ham
فوت بالحا جز للي تحت الجسر وكمل بتلاقيني واقف ,ham
ومنلف بعدا منرجع عالطريق,ham
اليوم عال٣ ونص ها🙄❤,ham
عال٣ و عشرة ناطرك بكون جاهز,ham
 اذا نعسان متلي بلا التمرين اليوم🙄,ham
لبوس وطلاع وبلا علاك,ham
يلا ٣ د,ham
هااي,ham
هلا علوش,ham
ماكان معي رصيد هلا عبيت اسف,ham
في اكبد لو مافي كان حكاني,ham
لا ولا يهمك,ham
اووك,ham
اي والله عندي جلسة مراجعة للفحص مافيني فوتا ☹,ham
لانكك حريييمة,ham
هالجلسة للي كنت ضل غيب عنا وروح عالنادي 😂💔 امتحانا الاسبوع الجاي,ham
عليها ٣٠ علامة 😂💔,ham
اذا ما بحضر المراجعة بفرش😂,ham
عال١ ونص,ham
علوش عندي امتحان بكرا وخالص دوام وامتحانات,ham
اخر يوم بعطل,ham
بس اليوم بلايي😂💔❤,ham
اي انشالله الف مبروك,ham
مانك رايح يعني😂,ham
امبلا,ham
دبرلنا نصير نروح تلت ايام,ham
قلو للكوتش😂,ham
مافي اليوم 🙄,ham
مو احد وخميس لبعد راس السنة,ham
امبلا,ham
 ماقلتلي 😑,ham
طلعت ماني بالبيت,ham
يعدمني ياك اليوم كلو فاضي😑💔,ham
انت مهمل,ham
ومانك مهتم ,ham
وما بتسأل 😂😂😂,ham
ححاول ارجع هلا,ham
بحكيك,ham
لك مانك مضطر ,ham
ححاول كتير مزعوج لاني عم عطل,ham
حاجتك ولووو,ham
لعما ماحقرك بالعكس 😂😂,ham
قلو اذا بعد راس السنة منقدر نجي كل يوم ,ham
اي هنن رح يعملو معسكر,ham
وكل يوم موجودين,ham
٤ ايام,ham
لوقتا منشوف,ham
مابظن,ham
لا والله عندي ظرف,ham
السبت نشالله,ham
كنت عم ادعي تقلي ماني رايح,ham
عاملين عيد ميلاد يوشع هلا😂😂😂,ham
 بعتلك صورة😂😂,ham
يزون,ham
سأل الكوتش ,ham
بعرف عال٣ انا ,ham
ماحاقدر روح انا بالستاج عندي مقابلة ما بظن لحق😑,ham
مافي مشكلة,ham
بس مو كنا نروح عل4,ham
ما عدا يوم السبت كنا نروح عل3,ham
اذا بتحسن تتأكد منو بيكون افضل,ham
AMJAD HSHMI,ham
الجوال 963 949 357 938,ham
الجوال 963949357938,ham
اذا مارد حكيني,ham
عل3 ,ham
اذا لحقت تخلص خبرني ,ham
اتفقنا,ham
 علوش اي ساعة النادي,ham
ورايح مو,ham
علساعة 3 ,ham
وانا رايح ,ham
عالا تلت قدام البيت ,ham
  علوش فقست اليوم انا السبت بحكيلك❤,ham
لا تسب 😂,ham
ولا يهمك,ham
لشو بدي سب 😂,ham
فيك وبلاك رايح,ham
صار كرشي متر😭,ham
كرشي مترين  😂,ham
 رجاع دقلي مامعي رصيد كنت بالنادي,ham
 اي ساعة ,ham
عنا دوام حبيب🤔,ham
دقلو,ham
خلص الغيها ,ham
ما بدي دقلو واحرجو بلكي ما حسن الزلمة وخجلان ,ham
خلص اذا نام انت,ham
اذا حكا من هون لل١١ وتلت انا بروح ,ham
جهز حالك,ham
حكا معي ,ham
يلا,ham
ماشي حبيبي انا رايح لعند رفقاتي ,ham
لا حبيب هي مو الك حذفا 😂😂😂😂,ham
دقيثة وحدة,ham
ما خرج ,ham
فوتو,ham
يلا ثواني ,ham
وحياة الله قلي بتقعدو عندي ,ham
يعدمني ياك😂,ham
عادي عادي اهلا وسهلا ,ham
 طيب لا تطولو,ham
يعني عزمني عزيمة وقلي بتجو لعندي,ham
وهلق عم يقلي انا قلتلك انو منكبسو ليزن بالبيت ,ham
البيت بيتكون ❤,ham
قدي بدك علوش,ham
مو جاي تاخدني ورايحين لعند حسين 😱,ham
اووف ,ham
حسين😐,ham
قلو لحسين ,ham
هلا علوش,ham
سافرت اي والله,ham
ايواا,ham
الخميس تقريبا,ham
اليوم اجيت,ham
 علوش الافلام للي قلتلي عليهن ليش مو طالعة الترجمة,ham
في بقلب الملف تبعن ,ham
ملفات لون الايقونة تبعها ابيض,ham
هي زتا بقلب مشغل الفيديو,ham
مشي الحال  😂,ham
 علوش عال٦ بتروح عالنادي ,ham
طالع انا هلا عالنادي,ham
لاقيلي عالباب,ham
 صرت تحت البناية,ham
اي طلاع علسطح,ham
بس ناولني كرسي,ham
علوش عال٧ تماما بغرفة التحماية ماشي,ham
اي باشا,ham
جاهز قدي بدكن ومين جاية,ham
هلق جايين فوراً اذا بدك,ham
انا ويزن بس,ham
ناطركن,ham
علوش انا مع اهلي برا المساكن يمكن ما اقدر روح اليوم,ham
اذا رجعت بوقت منلحق فيه نروح بحكيك,ham
اوووك يا كبير ,ham
ولا يهمك,ham
باشا,ham
رحت عالنادي ,ham
لو نطرت شوي ياندل☹,ham
حسيتك ميؤس منك فوحت 😂,ham
بكرا منلعب صدر وحاجة لا اجيت بسىعة بس ما لحقتك,ham
يلا بسيطة,ham
اي باشا,ham
اي يلا علوش ناطرك,ham
 رح دق لحسين شوف اذا بيجي,ham
اي ,ham
اي قلو اذا بيجي جيبو ,ham
انا ناطرك عالطريق من برا مو من جهة الحارة,ham
اووك,ham
 علوش عال٤ الا تلت ,ham
اذا فاضي تعال,ham
لك لو حاكي قبل 10 دقايق بس,ham
لانو قعدت مع رفقاتي والله,ham
 اي سهران لل٢ ,ham
اذا قعدت لا تحرج حالك,ham
اذا حسيت حالك خرج حكيني وتعال,ham
بعتلك مسنجر,ham
فتتتاااح,ham
 عال٤ الا تلت ,ham
طلعت ,ham
يلا طالع,ham
 قاعد انا بالطريق متل المشردين 😂😂,ham
 وين صرت ,ham
١٠ د بكون جاهز,ham
بس عملي تعليمة بطلع,ham
حجي,ham
 عال٤ الا تلت ,ham
صباح الخير انت بالكلية شي,ham
صباح النور ,ham
يا زلمة شو سريع 😂😂  طيب وينك جايه لعندك,ham
عند الدرجات ,ham
بسرعة نحن فتنا علمكتب ,ham
مساء الخير وينكمممم,ham
يا ويلكم ,ham
مستر ,ham
بس تطلع حكيني ,ham
مساء الخير 😂,ham
شو كيف التقييم 😢,ham
وانا اكلت خرا بالشوكة 😂😂😂😂,ham
شو ليش فرشت بالتقييم، ليش انت عشو عم تحكي,ham
اكتئبت، اخت التقييم ع اخت ال NLP برجلي,ham
نظامي ,ham
خرا عليهن وعلى هلتقييمات,ham
انتو ما ظبط معكون شي لا اول قسم ولا التاني,ham
بالمحاضرة انا ,ham
لك صحيح نسيت، لا مافي شي احلا زلمة بس تطلع علملي لو سمحت,ham
مساء الخير اين انت,ham
يا مساء النور ,ham
انا تحت بالقبو ,ham
علي انت بالمحاضرة ولا خلصت,ham
هلق لوصلت رسالتك,ham
انا طلعت علنادي تبع الروبوتية,ham
صباحك علوش، لو سمحت شو اذا الاستاذ منزل اعتذار او لا,ham
ليكو اجا يسلم ايديك,ham
يا صباح النور,ham
كنت عم دورلك وما لقيت شي 😂,ham
مساك يا حلو وينك انت ,ham
بال16,ham
علي طلعتو ولا لسا اذا ما طلعتو تعو على مخبر الفيجن,ham
مساء الخير,ham
مساك انا هلق فتت ع الهمك وين انت,ham
مساء الخير اين انتم,ham
ياا مساء النور,ham
نحن قدام الباب,ham
صباح الخير،انا لح استنا عالمتحلق مطرح ما ستنيتك اخر مرة,ham
صباح النور,ham
مرحبا علي،بتخلص ٤ولا ٤ونص,ham
هلا ,ham
بدي اكتر من عشر دقايق لئنو مدري شو صاير عجقة كتير عالمتحلق,ham
مرحبا علي،ايا ساعة بتخلص,ham
هلاا,ham
انا هلق خلصت,ham
انا بدي شي تلت ساعة بوصل لعندك,ham
بس تصير برا ,ham
كيفك علي،ايا ساعة بتخلص,ham
يا هلاا,ham
كون عندي علساعة 3 ونص,ham
شي تلت ساعة,ham
لعما ,ham
كان بدي مفتاح المرسيدس ,ham
بدي جيب غراض,ham
في عجقة شوي،،انا طولت لحتا رحت سحبت منها قبل ماروح,ham
يلا على مهلك ,ham
انا اجيت,ham
لح روح جيب سندويشة,ham
عراسي يامعلم،،رحت لح وصل عالمحل يسلمو ايديك,ham
مرحبا علي،،بكرا بدك تنزل عالدوام,ham
كيفك علي،بكرا ايا ساعة جاي لأنو انا بدي سافر منشان اعرف ايمتا احجز¡,ham
مرحبا علي،بين معك تقريبا ايا ساعة بتوصل,ham
اهلين حسام,ham
والله لحد الان ما بعرف,ham
بس بظن رح اتأخر لل2,ham
اي توكل على الله،بالسلامة,ham
كيفك علي،أبدي اتأخر لأنو بدي استنا الصهريج,ham
انا تحت لح خلص,ham
كيفك علي،أبدي اتأخر لأنو بدي استنا الصهريج,ham
اي على مهلك ,ham
كيفك علي،انا بدي عبي البيك اب والسنتفيه ازا مانك مطول بجي باخدك قبل ما عبيهون,ham
انا لح عبي البيكاب وصفا وبس جيبك بفضيهون,ham
اي ماشي,ham
عند باب المساكن ,ham
عم امشي باتجاهكون,ham
تفشكلت قبل ما اقراها بشوي،مالحقتني,ham
كيفك علي،،ايا ساعة اجي لعندك,ham
لحتى حكيك,ham
كيفك علي،ايا ساعة بتخلص تقريبا,ham
بدي لبعد ال٢,ham
مافي مشكلة ,ham
علي قلي العميد نسق انا وياك,ham
لح استنا عند الس احة,ham
ماشي ,ham
علي انا لح استنا عالمتحلق متل العادو,ham
ة,ham
علي انا عبيت بينزين هلق كان في صهريج،،روح اغسلا واجي لعندك بدي شي ساعة,ham
كيفك علي،ايا ساعة بدي لاقيلك عند المواساة,ham
هلاا,ham
متل العادة ,ham
رز كبسة هاا ,ham
مو رز عادي ,ham
بطاقة البنزين معي هاا,ham
شوف السيارة اذا فاضية ,ham
واذا لازم تعبيها ,ham
لأ لسا فيها اقل من نصا بشوي ،،بيكفو اليوم,ham
بس أيا ساعة بتخلص,ham
بس أيا ساعة بتخلص,ham
انا ,ham
خلصت ,ham
اي ماشي,ham
شي نص ساعة,ham
اووك اووك ,ham
اي لكن،مشي حالا,ham
كيفك علي،،ايا ساعة نازل,ham
هلاا,ham
من أنو طريق بدك تجي,ham
من اتجاه الجمارك ,ham
بس ايا ساعة بتخلص,ham
بس دقلك بتجي على باب الخلفي ,ham
حسام اتأكدلي من النضارة بقلب السيارة هي,ham
اي ليكا موجودة,ham
أنا برة,ham
اي ماشي ,ham
كيفك علي،،ايا ساعة بتوصل لعنا تقريبا,ham
يا اهلين,ham
صرت عند الضاحية,ham
كيفك علي ازا خلصت منشان نمرق ناخدك,ham
اي خلصت ,ham
مروق ,ham
أنا واحمد وعبد المجيد بعدين بنرجع ع المكتب لعند العميد,ham
نحنا وصلنا برا واقفين ,ham
وين نلاقيلك,ham
كيفك علي،،،وين لاقيلك وأنو ساعة,ham
لساتني ماوصلت الانسة شيرين،شوي وبدي نزلا,ham
أنا صافف تحت وكالة سانا,ham
كيفك،ايا ساعة بتخلص,ham
كيفك،،ايا ساعة بتخلص,ham
يا هلا ,ham
غالباً بين ال3 ونص وال4,ham
أي تمام،،انا عم صلح السيارة لأنو,ham
الفرام الرجل مفلت😊,ham
كيفك علي،،ازا طريقكون من عند جسر الرئيس بستناكون تحت الجسر،،,ham
أيا ساعة بتخلص,ham
والله مو مبين معي هلق ,ham
 انا برا,ham
أيا ساعة بتخلص,ham
انا برا,ham
أيا ساعة اجي لعندك,ham
 أنا بدي اتاخر عليك عم استنا دوري بالقدموس,ham
عم استنا دوري عجقا كتير لانو ,ham
بدي ٥دقايق بوصل,ham
ليكني لح وصل،ومرت عمك جاي لعندك,ham
اخر رسالة بالغلط,ham
كيفك ،ايا ساعة بتخلص,ham
انا لسا بدي شي تلت ساعة بدي امرق عالميكنيكي ,ham
اي مو مشكلة,ham
مشي,ham
كيفك،،بكرا لاقيلك بنفس المكان,ham
يا هلا,ham
انا برا,ham
نحنا بال 16,ham
اي ليكني انا هون 😂💪🏻,ham
هلق وصلت الرسالة 😂,ham
هلا 🤣\u2066❤️\u2069,ham
علوووش,ham
المحاضرة تبع هندسة البرمجيات عملي بالمخبر 2D,ham
كيفك علوش ,ham
خبرني اذا اجت الدكتورة,ham
هلاا علوش,ham
عراسيي😘😘😘,ham
علوش فينك اتسجل اسمائنا اذا اخدو تفقد ,ham
اسا ما اجا حدا 😂😂😂,ham
يسلمنن شريك\u2066❤️\u2069😘😘 ,ham
هي اسمائنا كلنا علي يوسف ,ham
عيسى قلومه,ham
علي ديب,ham
😍😍😘😘,ham
علوش لا تنسى اتخبرنا بس تيجي الدكتورة,ham
اوك يسلمن علوش😘😘😘,ham
كيفك علووش,ham
في اقتصاد اليوم شي ,ham
اهلا علوش,ham
 لا اتأخذني ما انتبهت عالرسالة,ham
 ما في اقتصاد,ham
لا ويهمك ,ham
صباح الخير علوش,ham
صباحو علوش بس يلي ما قيمو الاسبوع الماضي بدا اتقيمن,ham
 لاء علوش,ham
كيفك علوش,ham
اهلا علوش كنا جابة خبرك 😂😂😂 ,ham
بالمدرج 16,ham
علووش ليك حط تلت نقط مختلفين,ham
وقت التنفيذ,ham
لانو انت بتعطيه نقطة هو ببعطيك الاتجاه لتروح الها  ردلي اذا شفت الرسالة😅,ham
كيفك علوش عم تعطي مذاكرة شي تبع الروبوتية و اذا عطت فيك اتعلملي,ham
هلا علوش,ham
لا مافي مذاكرة,ham
اوك علوش يسلمن اذا عطت مذاكرة بعتلي رسالة ذكاتك,ham
علي سألي حريتاني أو انت اذا بتعرف كيف لما بدي إكبس ع رابط يروح ع صفحة وينفذ تعليماتها بدي اعمل شي عال terminal يعني  ,ham
حلواني معك هاد خطي السيرف ,ham
علوش كيفك ,ham
مارح احسن اجي اليوم ,ham
سجلي اسمي بمعيتك,ham
هههههههه طيب اذا اخد سجلو 😂😂😂,ham
مارح احضر 😂,ham
نزلت لانو الكهربا عندي بالبيت بتخري ,ham
مبروووك الذكاء عملي,ham
فقت,ham
اي علي جيب موبايل اكيد,ham
وموعدنا عالساعة 8 صبح نشالله,ham
مستر ,ham
كيفك,ham
ليك انا بطرطوس وما بحسن افتح نت كتير بطيرو الوحدات,ham
اذا نزل شي علامات,ham
هاااي مستر حلواني,ham
ليش مانك فاتح فيس يا كلب,ham
المهم هلق,ham
حجي,ham
لا والله بكرا نشالله اليوم ماحسنت والله ,ham
فتاح فيس بس تفضى ,ham
علوش لسا ما اجت ,ham
ههههههه لك مو انت دكتورة لسا ما اجت   انا ع طريق,ham
علي حاول تشفلي شو مطلوب بالكومبايلر بالضبط لبكرا اسمك بالجامعة اذا لقيت شي واحد فهمان بمعيتك واذا مالقيت لطيزك😂😂 ,ham
هههههه خرا عليك عم ابعتلك رسالة كنت,ham
سجلي اسمي ياعرصا,ham
لا طمن لسا عايش  ,ham
كيف بالبيت وكنت راكب بالسيارة بجنب ابوك🤤,ham
هل انت بطارق 🤦🏻\u200d♂️,ham
هل انت بكاذب 💁🏻\u200d♀️,ham
كول ايري ولا تلحس زبرة ,ham
لعمى في ئلبك بصوت غيث خلصتلي وحدات😂😂😂 ,ham
ولاا,ham
مستر,ham
الملف جاهز من اكتر من ساعة,ham
علوش اذا بدك دقلي ,ham
3169147,ham
ههههههه ايري فيك هلأ ل تذكرت خلص أنسى اذا بدون شي بحاكونا,ham
رايح والله عم استنى عبادة بس,ham
لعمى شو مبعوص😭😭,ham
يلا مو مشكلة,ham
خلص انسا هلق,ham
اوكككك😘😘,ham
عبود,ham
اي علوش براسي😘😘,ham
 ما نزل شي تاني لهلأ ماعاد ينزل شي يمكن😭😭,ham
نشالله 😚😚,ham
حجي ,ham
ولاا,ham
شفت زهير وعبد الغني قبل شوي,ham
سألوني على البيئة يلي عم نشتغل عليها,ham
قلتلون اوبن جي ال على الجافا ,ham
قلي اسم المكتبة Lw ومدري شو,ham
يعني نفس اسم المكتبة يلي عم نشتغل عليها,ham
خايف يكون جايبين نفس المشروع وعم يعدلو متل حكايتنا 😂😂😂,ham
لعمى ,ham
والله اذا مالك مو قالبو عنجد وفي واحد متلو ع نت فكل دنيا حتجيبو ,ham
بحدود ال190 ,ham
هي على حكيو ,ham
ليك ,ham
لا تنسى بس وصلت علصحارى علملي,ham
وبتنزل برا المساكن ,ham
يعني لا تفوت من علباب مشان ما ياخدو هويتك,ham
وبتستناني لحتى تشوفني ,ham
اي ماشي ,ham
ركبت هلأ بتبع مساكن عم يستنى ليتعبى بس,ham
اي ممتاز انك لقيت 😂😂😂,ham
ههههههه لك سكوت هلأ بينفكو دوليب😂😂خليني وصل بخير وسلامة يستر عرضك  ,ham
هلق رح يجهزو بدون قص ويبعتو على الغروب ,ham
ليك اذا ما لقيت خبرني ,ham
ههههههه اي ماشي,ham
ركبت علوش 😘😘,ham
انشالله الف مبروك,ham
حلواني ,ham
ياااابي ,ham
وين صرت لك ابني ,ham
وين الCD ولا حرييييمة,ham
جيبو علسرييع ان كنك زلمة,ham
لك شووو ماشيييي على بييييييض,ham
لك خلصنا الانسة رح تضوووووووج,ham
يلاااااا ,ham
وينكككككك,ham
وين صرت ,ham
علي بمعيتك جبلي قلم معك نسيتو بسيارة لانو,ham
مبروك حجي 😍,ham
KBS  82,ham
حجي ,ham
انقطع النت ,ham
اي ولا يهمك 😘😘,ham
لانو انا عند محسن بالمحل ,ham
النت عندو فصل ,ham
هلق عم نشوفو,ham
كيفك باشا,ham
انا عملت العملية ونجحت الحمد لله,ham
انا هالكم يوم رح يكون موبايلي مقفول لانو ما عم احسن طلع بضو الموبايل وعم ضل مغمض عيوني ,ham
الف الحمدلله على سلامتك وبس تفتح علملي بس بدقلك احلا علوش فرحتني والله 😍😍😘,ham
شو وينك علوش,ham
مارح احسن اجي علnlp ,ham
رح اجي عل11 ونص ,ham
لا ولله\u2029وين انت,ham
باشا,ham
مافي غير 5 طلاب ,ham
بابا انا بالمحاضرة,ham
بابا انا بالمحاضرة,ham
ايمتى بتخلص,ham
عل3 ونص ,ham
طيب لأنوالسياره خالطه مي وزيت رح اتركها عندالاداره وبكره منصلحها,ham
رح اخدك معي انتظرني,ham
طيب اوك ,ham
بالسلامة انشالله ,ham
هاااي ,ham
انت خلصت مو ,ham
برنلك مشان تطلع لبرا اوووك,ham
لولو انت راجع معنا مووو,ham
يبقى برنلك عالباب,ham
طيب اوك ,ham
المباراة هلأ بين المكسيك وكوريا,ham
علي اذا معك مصاري جيب ابرتين ديكلون معك,ham
لا بالله امعي,ham
فتحت,ham
لما تجي علملي لافتح، حاطة السماعات لانو 😂,ham
معي مفتاح,ham
حجة ,ham
صار ٥٤٦ من ٦٣١ باقي ٢٨ دقيقة 😁,ham
جمييل ,ham
ديري بالك عليه 💩,ham
هلأ رحت شفته ,ham
رجع عاد من الاول ما بعرف ليش ,ham
أنا خلصت خيو,ham
بس بدك تجي تاخدني علملي لجهز حالي😘,ham
واسفة جداً لأني لبكتك,ham
اي انا هلق خلصت وطالع من النادي,ham
شي نص ساعة بوصل,ham
هاااي لولو,ham
انت وجاية جيب معك علبتين لبن كبار ,ham
اوك 🤗,ham
اي ماشي,ham
شي ساعة تانية ,ham
أنت الجمييييل والله 😂😂😂,ham
لك شبك وليك مجلوقة,ham
عم نمزاااااح شبااااك ولو 🤣🤨,ham
يلا علوووش,ham
تعا 🤗,ham
لولو صورلي شوفي عند محسن كفرات لموبايلي 😂,ham
او إذا في شي بيشبه تبع شيرين جبلي 🙊,ham
ما لقيت ,ham
من وقت بعتيلي اول رسالة عم دور ,ham
لا لا فش داعي,ham
يبقى أنا بشوف بس انزل 🙏🏻,ham
تعا طلع الباشا ,ham
كيفك لولو,ham
أنت طلعت ما بس توصل علملي 🙌🏻,ham
هلق رح البس واطلع ,ham
أنا ح استناك عند كليوبترا لان طلعت من المركز ,ham
علوش انا خلصت 🙌🏻,ham
فيك تجي تاخدني 😂,ham
كنت هلأ عم ابعتلك ,ham
 لا تطلع لل ٦  اوكي 🤗 بصير ,ham
اي بيصير ,ham
أي ٦ اطلع من البيت 🙌🏻,ham
خلصت فيك تجي 🙌🏻,ham
بس تقرب توصل علملي لاستناك عند كليوبترا 🙌🏻,ham
ع ٦ الا ربع فيك تطلع 🤗,ham
وبس تقرب توصل علملي لاستناك عند كليوبترا 🙌🏻,ham
ناطرتك عند كليوبترا ,ham
ايمت ما بدك 😂,ham
ع ٦ وربع فيك تطلع وعلملي لما تقرب توصل بستناك عند كليوبترا 🤗,ham
لولو ,ham
أنا يبقى بجيب مافي داعي تجيب 🤗🤗,ham
هههههههه يعني اخوك كلب ولا جحش 🤔🤭,ham
لا ما بنطمز يعطيك العافية خيوو 🤗🤗,ham
اختاري يلي بدك ياه,ham
ما بصدق ,ham
لا والله ما رح استلمك ابداً 🤦🏼\u200d♀️🙌🏻😎,ham
😂😂😂😂😂,ham
لك حجي ما عم تحكي واتس أنت ,ham
كل كلمة بمسج لحاااااال 🙆🏼\u200d♀️,ham
لا ترجع اذا بدي استلمك كنت استلمك ع التلفون والمصاري مسامح فيهون بس مو لتسكر 🤔😜,ham
لا بدي اسكر مشان تكسبي الحرمانية انتي ,ham
شنو هدول مصرياتك 😂😂,ham
معي باقة رسايل وبتخلص بعد 8 ايام ,ham
واسا فيها نصها 50 رسالة يعني 😂,ham
اووووه لا وانا معي باقة 😜,ham
بترجع المصاري متل الحبابين فهمت 🤷\u200d♀️😢,ham
لولو مو ناوي تجييييي 😂,ham
ماما عم تسأل يلا تعا بدنا ناكل الحلوو,ham
حجة,ham
اديش رقم شيرين تبع المكتب ,ham
طلعلولي مادتين ,ham
الاولى 76,ham
اووووه ما شاء الله 😍,ham
بس هلأ بتكون طلعت غالباً ٨١١٤٥٢٦٧ ,ham
انا بدي سكر موبايلي,ham
حجة ,ham
شيلي لابتوبي من على الشحن من غرفة بابا,ham
وحطي الغراض كلن ,ham
حصل يا بشمهندس ايه حاجة تانية يا جميل 🤣,ham
هاي لولو  ,ham
طمنا خيو شو صار معك 🤔,ham
قلي الموظف انو استنا المادة ,ham
بدها ساعة او ساعتين لتطلع ,ham
احسن الك ,ham
يلا إن شاء الله خير وتكون مرفعة وخلص من هذا الهم 🤗,ham
ابقى خبرنا اوووكي ,ham
حجة,ham
لولو ما تنسى تجيب الحلو اللي ماما وصتك عليه 🤗,ham
هلق صرت لولو ما هيك,ham
متل ما بدك بناديلك لا تزعل 🙄,ham
اذا معك مصرات جيب كم ظرف نسكافيه مشان تشرب بكرا الصبح 😁,ham
اي عند الجامعة ع ١٢ ونص ,ham
علي تعا ,ham
انا ناطرتك عند كليوبترا 🤗🤗,ham
كيفك ,ham
ع ٧ ونص فيك تطلع انا ع ٨ بخلص 🤗🤗,ham
يا اهلين,ham
هااي ,ham
فيك هلأ تجي تاخدني 🤗,ham
يا اهلين ,ham
اي هلق بطلع,ham
معناها قبل ما توصل بشوي علملي ,ham
مثلاً بس توصل ع الصفصاف 🤗,ham
٨ ونص تقريباً ,ham
يعني فيك تطلع ٨ ,ham
ليك مارسيل ونجم حلوم قدام الهيئة ههههههه كمشتن,ham
ولك مبروووك الذكاء عملي,ham
 ولك الله يبارك فييك يااارب😍😍😍 شو هالخبرية الحلوة عالصبح ,ham
ميرسييييي باشا ,ham
وانت طمني قدي  ,ham
ياااا ويلكم,ham
انا 26,ham
طلع فراس مهتم فيني اكتر منك 😂😂😂,ham
هاي كيفك شو اخبارك ,ham
دقتلك بدي اسالك عن تمرين كنت بس رجعت عرفتو 😢,ham
  وتركت موبايلي جوا  وطلعت اسفي مارديت يلا بس تجي الكهربا بحكيك  كيفك دراستك ,ham
يا اهليين,ham
اذا هيك بسيطة ,ham
فكرت صاير معك شي ,ham
اي مو مشكلة,ham
كيفك,ham
فتحي فيس علسريع ,ham
يا هلا ام السوس,ham
انا عندي محاضرة تانية عل11 ونص ,ham
هلق رح فوت عليها ,ham
اذا مانك قاعدة مع حدا  ,ham
انا قاعد بالمدرج 16 ,ham
ولا يهمك,ham
لك شو هالوقفة يلي مابترحم 😂😂😂😂 تتهنى ,ham
ما فهمت 😂😂😂,ham
 دغلاوي ياخال😁😂😂,ham
😂😂😂😂😂😂😂,ham
شو عم يصير معك 😂,ham
لك وحياة الله وشي أسود منك والله العظيم ,ham
انت بالكلية لسا ما,ham
علووش انت بالجامعة,ham
اي باشا بالجامعة,ham
ليش شوفي ,ham
انا ما بطول لوصل لعندك نشالله والله حقك عليي ما بعرف كيف راحت عليي نومة😔😔,ham
عم امزح تعال يلا ,ham
عنجد في خناقة وين  وكيف ,ham
يلا نازلك😂😂,ham
😂😂😂 عم تافل عليي يا خرا,ham
لاخرا عليك بس وصل😂😂😂,ham
لا😂,ham
اووو شيت ولا انا بعرف,ham
خراس نازلك😂😂,ham
لك لا تبلش ها😂 بدي شي نص ساعة ,ham
نايكك😂😂,ham
ليكني رح اطلع من البيت خراس اكيد نازل,ham
اي بالجامعة انا,ham
ولا معك متلت تبع الشاحن نسيانو بالبيت وبدي اشحن اللابتوب😂,ham
لا والله يا شيف,ham
شاحنك ثنائي😂,ham
خرايا عحظي😂😂 بس صار بدي ادرس😂 يسلمن علوش عزبتك يلا أنتبه عالمحاضرة ولا خرا😂,ham
علوش بس تطلع حاكيني,ham
ماشي بس تخلص حاكيني,ham
برا,ham
ولا يهمك,ham
😂😂😂,ham
انا صرت بالكلية,ham
لسا ما وصلت بدي شي نص ساعة بكون هنيك آسف 😂😂,ham
لك لا عادي,ham
بس فكرتك واقف فوق على محل ما بتقعد بالعادة,ham
هلا وصلت والله,ham
باشا,ham
شفتو يسلمن يا كبييير😘😘,ham
وينك,ham
لحالك,ham
يلا ماشي ,ham
اي والله يا رفيقي,ham
لك اجت بنت ضرب علمخبر قبل ما اطلع منو,ham
قالتلي هاد المحل لحدا,ham
انا كنت حاجزلك ياه لالك,ham
قلت بعقلي ايري بشريف كلوو,ham
😂😂😂😂😂😂😂😂😂😂😂😂😂😂😂😂😂 يا ريت كنت ,ham
كيف قدمت ولا,ham
اهلين شيييف,ham
الحمد لله كلو تمام,ham
اي الحمدلله وحش ولا😍 ,ham
انا مو منيح لانو ما درستا مشان أضمن تحليل 3 و بحوث ,ham
ايواا,ham
اذا هيك تكتييك معلش  😂,ham
نشالله سوا يا رب,ham
كيف قدمت ولا,ham
ههههه والله اكلت خرا يا شريك,ham
الاسئلة نااار ومو واضحة بنوب ,ham
وانت كيف قدمت موادك ,ham
يلا نشالله بترفع,ham
انا بكرا بنيان و خالص يلعن أم هالمادة ,ham
والله صعب كتير تترفع ,ham
يلا هانت ,ham
صباحو شييف,ham
لا والله يا علوش ,ham
تعال وينك ,ham
اي معي مضطر عليهاشي دغري,ham
لا لا ما بدي ياها بس عم اتأكد انها معك ,ham
خليها,ham
ماشي هلا بتاكدلك اذا موجود و يسلمن علووش😘😘,ham
والووو مستر شيفف,ham
ليك انا هلق بدي اطلع ,ham
ليش طالع في شي ما ارتحت بالقعدة أو شي بالله أنا بعتذر اذا زعجتك,ham
لك لاء يا خرى ,ham
بس خلصت شغلي عنجد,ham
وبدي اطلع انا واشقر عنا شغلة,ham
ما نزعجت ابداً والله عادي,ham
😂😂😂 اوك ,ham
تحت مع آلاء بنفس المكان,ham
باشا انا طالع ,ham
كيفك باشا ,ham
شفلي رغيد اذا جاية ومعو شاحن لابتوبو,ham
لانو نسيان شاحن لابتوبي وعندي تقييم KBS علساعة 2 ونص,ham
يلا هلا بشوفو,ham
شو,ham
صار ,ham
معك ,ham
خلص مشي الحال ,ham
😂😂 طيب و موفق قدم منيح ولا,ham
اهليين علوش حبيبي تمام وانت,ham
الحمد لله ,ham
وين انت ,ham
عم ادرس بحوث والله 😂😂ليش,ham
لك طالع انا عندي شغلة ,ham
قلت اذا ما عندك شي منعمل مشوار علمشروع ,ham
منروح علتراسات او اي محل منسلا,ham
لانو دايق خلقي ,ham
وانا كمان عم ادرس اقتصاد بس مليت 😂,ham
بقا اذا ما عندك شي خبرني ,ham
عندك شي منأجلها لبعدين ,ham
والله عم ادرس يا علوش بلكي السبت أو الأحد اكيد بس عالاقل لكون مشيت بالمادة شوي حقك عليي لا تواخزني😘😘❤ ,ham
لك لا ولا يهمك ,ham
خلص معناتو لبعد ما نخلص التكميلي كلو منطلع ,ham
يلي بدك والله جاهز بس لانو مقصر شوي بالبحوث و معي 7 مواد عالتكميلي عرفت 😅😅,ham
اي فهمان عليك ,ham
انشالله موفق يارب ,ham
اي حجي,ham
انا خلصت ,ham
كيفك علي صباح الخير,ham
ممكن شوفك اليوم اذا فاضي بدي اسالك بوظيفة,ham
يا هلا صباح النور,ham
اي عندي محاضرة عل12 ونص ,ham
ماشي معلم بس تخلص علملي وبحاكيك وبخبرك اذا ماكان عندي محاضرة,ham
اي ماشي ,ham
انا طلعت ,ham
معي بس لل2 ونص لانو في محاضرة تانية,ham
انا هلئ بمحاضرة والله شكلو معد نلحئ خلص بركي بكرا انشالله بحاكيك بالبيت ومنتفئ,ham
كيفك علي شوواخبارك انا خلصت,ham
واعد بالمدرج الخامس,ham
اذا فاضي تعال,ham
كيفك يزون ,ham
لا تواخذني بس ما عم افضى ابداً,ham
اجلي ياها لبكرى او يلي بعدو ,ham
حاج تضرب بالحيط لك جحييييييش,ham
يسلملي الاحمر يا ملاكي 🤪🤪🤪,ham
شابف هالزمن صار الواحد يحضر مع ولادو,ham
يلا جاي احضر معك 😘,ham
هااااي كيفك مبروك تعديل تسويق خيو لقيتك مسكر نت حبيت بشرك،😍😍😍,ham
الله يبارك فيكي يا ليلى ,ham
الك حلوان غير شكل ,ham
ما بتصدقي قديش ارتحت 😍,ham
لا عدلوهاوصارت87,ham
لمهم رتحت من مادة ها اكبر حلوان الله لايضيعلك تعب😍😍,ham
اووو 😍,ham
انشالله الف مبروك,ham
وانشالله موادك الباقية كلها هيك معدلات,ham
تسلمي يارب ,ham
وانتي لا يضيعلك تعب ابداً,ham
دورتلك امبارح على ناس مشان يقدمواك اعتراض ,ham
بس والله ما لقيت حدا,ham
سألت كل رفقاتي وما حدا الو نزلة على الكلية,ham
لو بحسن انا انزل بنزلك فوراً ,ham
بس والله صعبة عليي شوي ,ham
مرحبا كيفك ,ham
ايمت نازل😅,ham
يا هلا ليلى,ham
علي حاكيني حلواني معك,ham
اي بس تخلص اذا بتسنوني لل 1 بنزل خبرني,ham
اي منستناك نزيل ,ham
ماشي تكل ع الله ,ham
أقوى المنافسات والدقة المتناهية لتحقيق أعلى مستويات الأداء,ham
اشترك ولا تفوت المتعة مع قنواتBeinSports,ham
شركة الخجا للتجارةباب مصلىسويقة,ham
0112233456–0944455511,ham
httpswwwfacebookcomKhoujaGroupSyria,ham
يلا ديه ,ham
ميرسيييي ,ham
وينك حبيب ,ham
والاا,ham
ما معي سيارة,ham
تعا هلا انا بالمحل ,ham
تعاااا ,ham
راحووو ,ham
صرت لوحدي ,ham
شو جاي  ,ham
وينك ,ham
تعااا غالي ,ham
هلا لزكرت انو بدك وحدات ,ham
حوولت ولا اسا بدك  ,ham
انا سابقك تمشاية ,ham
ولك شبك ولاا,ham
فتاح مسنجر حكيني,ham
خراا,ham
حبيب لساني بلبيت اسا ما نزلت ,ham
طلعت يا عيني مبكر ,ham
ليش ولووو,ham
ليك بس بدك تطلع على المحل خبرني,ham
بتجي بكرا الصبح ,ham
بكرا فيقني عالتمانة وتعال نحتسي النسكافيه عندي ,ham
كابتن يا كابتن انت زلمة بتفيق بكير فيقني تمانة وربع  عيني ربك واذا مو نازل بتجي لعندي بس بكل الاحوال فيقني ,ham
بكرا فيقني ٨  واذا ما عندك كلية بتجي لعندي وكذا ,ham
وك يا روحي يا عيني رد لنطمن ,ham
يا اخي اذا مزعوج من شي عالاقل نفهم من شو ,ham
رد ولا ,ham
كل سنة وانت سالم يا قلبي ,ham
وعقبال التخرج وهالقصص ,ham
وعروستك من عندي 😘😘,ham
اهلين مستر محسييين 😍,ham
وانت سالم يا كبييير,ham
ميرسي ميرسي 😘,ham
بكياسا خالية برا جوا وحياتك 😂😂,ham
رجعت عشر متار لورا بس ,ham
محسييين,ham
لوين ,ham
بالمحل ,ham
شو صار معك ,ham
لك عند حاجز الفحامة,ham
كتير عجقة وعم يفيش,ham
لا ما عندي شي بس مليت من النطرة 😂😂,ham
يلا هانت,ham
Hhhhhh,ham
Hhhh,ham
يلا تعا بقا ,ham
وينك شو عم تساوي ,ham
شو صار معك لك سعدان ,ham
والاا,ham
نزول لحالك مو ظابطة ابداً,ham
شو عم تساوي ,ham
عم اشرب سحلب ,ham
تفضل ,ham
وبعدا رايح نام,ham
قوم تعا نشرب كاسة متة ,ham
بكرى بنط لعندك,ham
هلق والله نعسان كتير,ham
طيب متل ما بدك ,ham
وينك ,ham
شو صار معك ,ham
محسيين,ham
هلا صرت بالمعهد وانت ,ham
لك لل فكرتك بالمحل,ham
بس ارجع بحاكيك ,ham
بالمعهد يا بيتش ,ham
لبلا,ham
محسين ,ham
يا محسين ,ham
م ,ham
فك يو ,ham
ااااا,ham
تعال يلا طلاع ,ham
ولاا,ham
حااابيب ,ham
حبيب ,ham
وينك ,ham
معتازك ,ham
ضروري ,ham
رد ,ham
طب تعا لعندي ,ham
لك بدي ساري ايري cv ,ham
تعا ,ham
بحضرك باها ,ham
ما عم بعرف ساويا ,ham
جيب لابتوبك ,ham
ضروري ليوم ,ham
لهيك ,ham
ما بحسن اجي هلق,ham
بدي ابعتا عفلاشة للوالد ,ham
ياخدا معو ,ham
الصبح ,ham
لككك عندي ,ham
ما بعرف ساوي ,ham
كيف بدي عدل عال pdf,ham
ما فيي عدل عليه ,ham
مبلا ,ham
اي خلص ,ham
مو ضروري متلو ,ham
عمول شي حلو من تصميمك,ham
طيب ,ham
اي كيف ,ham
الاولى,ham
عم يطلب حساب ,ham
بعرفا هي ,ham
حولو ,ham
عم يطلب حساب ,ham
طيب في برنامج تاني ,ham
يلا,ham
ولاا,ham
حااابيب ,ham
ايييه هون,ham
اي تعال ,ham
اي تعال ,ham
محسين ,ham
محسيين,ham
انا بدي اطلع اكل من القرى,ham
بس اطلع اكل وارجع بسرعة,ham
تابي,ham
مااش عم جرب الاي مسج ,ham
تابي,ham
مااش عم جرب الاي مسج ,ham
ايوااا,ham
وكيفو معك ,ham
دقلي ولااا,ham
دقلي ولااا,ham
حكيني نت ,ham
حكيني نت ,ham
محسين ,ham
وين الوحدات يا محسن ,ham
تعال يا علي ,ham
منتاكة السيارة,ham
اي تعا مشي ,ham
هههههه حبيبي اكيد محرزة يعني ما رح نطلع قبل السبعة ,ham
مااشي ,ham
لك رد ولك مصروع ,ham
لك رد ولك مصروع ,ham
ولاا,ham
انا عندي موعد مع دكتور العيون ,ham
وينك هلا ,ham
هلق عم اكل بالبيت ,ham
وينك هلا ,ham
كيف نازل نازل ,ham
قلي خبرني كيف نازل ,ham
ومع مين نازل ,ham
روح معك اذا رايح لحالك وما وح تطول,ham
المشكلة بدي روح اول الشي بدي روح لعند بابا علادارة ,ham
بدك نزول ,ham
لا اذا مانك رايح بوجهك عالدكتور ,ham
بلاها ,ham
بكفي بدي استنا وانت عند الدكتور ,ham
لسا استنا عند ابوك بختنق 🤣🤣,ham
خلص بلاها روح لحالك ,ham
بدك تعال لعندي هلا ,ham
اي ساعة نازل بالضبط ,ham
يلي بدك ياه ,ham
بس ارجع بحكيك,ham
بدي انزل عل3 ونص ,ham
اي مااشي ,ham
خيو انا ما بدي اطلع ,ham
سارد لعند الله,ham
خيو انا ما بدي اطلع ,ham
سارد لعند الله,ham
وك تعال بلا منيكة ,ham
هاي كيفك انا سلام انا بالكلية اذا اجيت بعتلي لشوفك ,ham
اي تمام ناطرتك,ham
انا هلق شفت المسج وينك بلشت المحاضرة او لاء,ham
علوش بالمحاضرة انا بس لاطلع وبدقلك ,ham
انا  بس لشوف الغروب وبجي,ham
ع الساعة ١٢ وربع تعى خدني ,ham
تعى ع ١٢ وعشرة ,ham
هااي,ham
وحدة الاخمسة كون عندي,ham
الساعة ٢ الا ثلث لاني عندي حصة سابعة,ham
ع ١ كون عندي,ham
بدن يطلو لانو عملت متة ,ham
مشان اذا بدك تروح ع البيت ,ham
لما خلص بدقلك,ham
هاااي ,ham
ع ١ كون هون,ham
هااي,ham
ع ١ اذا بدك,ham
انا واقف لفوق شوي,ham
خلص لا تقوليلو شي,ham
دقيلي,ham
اي حبيبي وصلو,ham
هااي ,ham
كيفك,ham
طولي عند ام دلال ,ham
اي مطوله انا كمان عم اشرب مته كمان ,ham
انا رحت لعند يمان ,ham
هاي انا صرت بالبيت ,ham
سلام,ham
شو حكيتي معو مشان اعرف شو اعمل,ham
اي حاكيته وعزمته وان شاءالله يكون ماسمع شي ,ham
وانت زيد عليه العزيمة واكد عليه ,ham
هاي فيك تجي تاخدني ع ١ تماما تكون عندي,ham
الرجاء الاتصال بي,ham
وينك بالنادي ,ham
انا بالنادي,ham
اي يزون ,ham
انا صرت بالنادي ,ham
ولا كر ,ham
هلا لعبيت وحدات لا ما نمت بس اجو قرايبين مصطفى ,ham
لوين نطلع ,ham
علشط ,ham
انا صرت قدام البناية,ham
هلا بلحقك,ham
وينك,ham
جاية ولا لاء ,ham
يلا بس لاحل,ham
وينك,ham
انا عطريق الشمسية,ham
رايح عدكتور الاسنان وينك انت,ham
تعي راغب عند,ham
كيفك شريك,ham
شو بعدا ما نزلت😂,ham
لا والله يا شريك ,ham
ناطر لهلق ما نزلت 😂,ham
يا حرام يا محمود😂,ham
لكان بس ينزلو صورن,ham
لانو اكيد ما رح ينزلوهن عالموقع,ham
اي ولا يهمك ,ham
هااي حسووني البطل ,ham
خلص قعدو انتو ,ham
لانو لازم بكرى فيق بكير عندي شغل لفوق راسي وهلق نعسان صراحتاً,ham
علوووش الصور لاتنساني ,ham
اي باشا,ham
كنت بالنادي والله,ham
كيفك  تحت البيت,ham
انا تحت البيت ,ham
ولا ,ham
وين انت ,ham
هلا علييش,ham
اي باذن الله,ham
انا رح انزل من الصبح,ham
صبااحك كوبكس,ham
 وين انت باشا,ham
يلا جاييك,ham
انا عالطريق,ham
ما تصورت معك يا عرصا,ham
وين انت باشا,ham
باشا انا بالبيت هلا فقت مو جايي اليوم,ham
لا كنت عالحاجز,ham
يلا جاي,ham
بدي شي تلت ساعة,ham
بدنا نشرب نسكافيه ,ham
اشقر دقولو اهلو مشان يطلع لعندن ضروري,ham
ايواطيب لا تستناني روح,ham
لان بدي روح عالدورة,ham
نياك ستاتكون الجوز,ham
وين انتو,ham
انا صرت عند باب الهمك عم حاكي الفانز تبعوتي,ham
اذا رح اعتزل الفن ولا لأ😂😂,ham
جاية😎😎,ham
لا تجي,ham
سلملي على الفانز جداً,ham
وايري فيك,ham
بكرا مو نازل😎,ham
ايري فيك ع اساس بتضل للستة ومالل,ham
خليك عم تنيك الاشقر جاية انا,ham
لك يا زلمة بنق كتير,ham
هلكني وهو يحكي,ham
ماني رايح انا ,ham
بس عم افل عليك 😂😂😂,ham
قلو للاشقر خليك,ham
وين بدو يروح يعني,ham
انت ابسطوا شوي خلي يلتهى,ham
😂😂😂😂,ham
خلص على راحتك لا تستعجل,ham
لساتكن نفس المكان,ham
بالبيت والله,ham
صباح الخير😂,ham
يا صباح النور,ham
اذا فاضي لاقيلي,ham
شفلي حلواني اذا خلص من الفلاشة,ham
بدي روح لأن,ham
اي خلص ,ham
حجي,ham
عندك علم بخصوص التكميلي ,ham
اذا لازم نسجل عليه او هيك شي ,ham
هلا علووش,ham
كلو عم يقول هيك بس ما نزل شي بيخصو بكليتنا,ham
هو كلو بيبدا بعد ١٤ الشهر ,ham
فروح شي مرة بعد هالتاريخ وسآل,ham
وانا اذا سألت بخبرك,ham
كيفك عمتي,ham
كيفك عمتي حكين,ham
كيفك فاضي ع مته,ham
آم راغب ههه,ham
